parcel_id,property_address,assessed_value,owner_name,property_type,last_assessment_date
PAR000000,0 Main Street,250000,Owner 0,Residential,2025-09-16T09:52:44.680292
PAR000001,1 Main Street,251000,Owner 1,Residential,2025-09-16T09:52:44.680314
PAR000002,2 Main Street,252000,Owner 2,Residential,2025-09-16T09:52:44.680320
PAR000003,3 Main Street,253000,Owner 3,Residential,2025-09-16T09:52:44.680324
PAR000004,4 Main Street,254000,Owner 4,Residential,2025-09-16T09:52:44.680416
PAR000005,5 Main Street,255000,Owner 5,Residential,2025-09-16T09:52:44.680424
PAR000006,6 Main Street,256000,Owner 6,Residential,2025-09-16T09:52:44.680427
PAR000007,7 Main Street,257000,Owner 7,Residential,2025-09-16T09:52:44.680429
PAR000008,8 Main Street,258000,Owner 8,Residential,2025-09-16T09:52:44.680432
PAR000009,9 Main Street,259000,Owner 9,Residential,2025-09-16T09:52:44.680434
PAR000010,10 Main Street,260000,Owner 10,Residential,2025-09-16T09:52:44.680436
PAR000011,11 Main Street,261000,Owner 11,Residential,2025-09-16T09:52:44.680439
PAR000012,12 Main Street,262000,Owner 12,Residential,2025-09-16T09:52:44.680441
PAR000013,13 Main Street,263000,Owner 13,Residential,2025-09-16T09:52:44.680443
PAR000014,14 Main Street,264000,Owner 14,Residential,2025-09-16T09:52:44.680446
PAR000015,15 Main Street,265000,Owner 15,Residential,2025-09-16T09:52:44.680448
PAR000016,16 Main Street,266000,Owner 16,Residential,2025-09-16T09:52:44.680450
PAR000017,17 Main Street,267000,Owner 17,Residential,2025-09-16T09:52:44.680452
PAR000018,18 Main Street,268000,Owner 18,Residential,2025-09-16T09:52:44.680461
PAR000019,19 Main Street,269000,Owner 19,Residential,2025-09-16T09:52:44.680463
PAR000020,20 Main Street,270000,Owner 20,Residential,2025-09-16T09:52:44.680465
PAR000021,21 Main Street,271000,Owner 21,Residential,2025-09-16T09:52:44.680467
PAR000022,22 Main Street,272000,Owner 22,Residential,2025-09-16T09:52:44.680470
PAR000023,23 Main Street,273000,Owner 23,Residential,2025-09-16T09:52:44.680473
PAR000024,24 Main Street,274000,Owner 24,Residential,2025-09-16T09:52:44.680476
PAR000025,25 Main Street,275000,Owner 25,Residential,2025-09-16T09:52:44.680479
PAR000026,26 Main Street,276000,Owner 26,Residential,2025-09-16T09:52:44.680481
PAR000027,27 Main Street,277000,Owner 27,Residential,2025-09-16T09:52:44.680484
PAR000028,28 Main Street,278000,Owner 28,Residential,2025-09-16T09:52:44.680486
PAR000029,29 Main Street,279000,Owner 29,Residential,2025-09-16T09:52:44.680488
PAR000030,30 Main Street,280000,Owner 30,Residential,2025-09-16T09:52:44.680490
PAR000031,31 Main Street,281000,Owner 31,Residential,2025-09-16T09:52:44.680493
PAR000032,32 Main Street,282000,Owner 32,Residential,2025-09-16T09:52:44.680495
PAR000033,33 Main Street,283000,Owner 33,Residential,2025-09-16T09:52:44.680497
PAR000034,34 Main Street,284000,Owner 34,Residential,2025-09-16T09:52:44.680504
PAR000035,35 Main Street,285000,Owner 35,Residential,2025-09-16T09:52:44.680506
PAR000036,36 Main Street,286000,Owner 36,Residential,2025-09-16T09:52:44.680508
PAR000037,37 Main Street,287000,Owner 37,Residential,2025-09-16T09:52:44.680510
PAR000038,38 Main Street,288000,Owner 38,Residential,2025-09-16T09:52:44.680513
PAR000039,39 Main Street,289000,Owner 39,Residential,2025-09-16T09:52:44.680515
PAR000040,40 Main Street,290000,Owner 40,Residential,2025-09-16T09:52:44.680517
PAR000041,41 Main Street,291000,Owner 41,Residential,2025-09-16T09:52:44.680520
PAR000042,42 Main Street,292000,Owner 42,Residential,2025-09-16T09:52:44.680522
PAR000043,43 Main Street,293000,Owner 43,Residential,2025-09-16T09:52:44.680535
PAR000044,44 Main Street,294000,Owner 44,Residential,2025-09-16T09:52:44.680537
PAR000045,45 Main Street,295000,Owner 45,Residential,2025-09-16T09:52:44.680539
PAR000046,46 Main Street,296000,Owner 46,Residential,2025-09-16T09:52:44.680541
PAR000047,47 Main Street,297000,Owner 47,Residential,2025-09-16T09:52:44.680544
PAR000048,48 Main Street,298000,Owner 48,Residential,2025-09-16T09:52:44.680546
PAR000049,49 Main Street,299000,Owner 49,Residential,2025-09-16T09:52:44.680548
PAR000050,50 Main Street,300000,Owner 50,Residential,2025-09-16T09:52:44.680554
PAR000051,51 Main Street,301000,Owner 51,Residential,2025-09-16T09:52:44.680556
PAR000052,52 Main Street,302000,Owner 52,Residential,2025-09-16T09:52:44.680558
PAR000053,53 Main Street,303000,Owner 53,Residential,2025-09-16T09:52:44.680561
PAR000054,54 Main Street,304000,Owner 54,Residential,2025-09-16T09:52:44.680563
PAR000055,55 Main Street,305000,Owner 55,Residential,2025-09-16T09:52:44.680565
PAR000056,56 Main Street,306000,Owner 56,Residential,2025-09-16T09:52:44.680567
PAR000057,57 Main Street,307000,Owner 57,Residential,2025-09-16T09:52:44.680570
PAR000058,58 Main Street,308000,Owner 58,Residential,2025-09-16T09:52:44.680572
PAR000059,59 Main Street,309000,Owner 59,Residential,2025-09-16T09:52:44.680574
PAR000060,60 Main Street,310000,Owner 60,Residential,2025-09-16T09:52:44.680576
PAR000061,61 Main Street,311000,Owner 61,Residential,2025-09-16T09:52:44.680578
PAR000062,62 Main Street,312000,Owner 62,Residential,2025-09-16T09:52:44.680580
PAR000063,63 Main Street,313000,Owner 63,Residential,2025-09-16T09:52:44.680586
PAR000064,64 Main Street,314000,Owner 64,Residential,2025-09-16T09:52:44.680589
PAR000065,65 Main Street,315000,Owner 65,Residential,2025-09-16T09:52:44.680591
PAR000066,66 Main Street,316000,Owner 66,Residential,2025-09-16T09:52:44.680597
PAR000067,67 Main Street,317000,Owner 67,Residential,2025-09-16T09:52:44.680600
PAR000068,68 Main Street,318000,Owner 68,Residential,2025-09-16T09:52:44.680602
PAR000069,69 Main Street,319000,Owner 69,Residential,2025-09-16T09:52:44.680604
PAR000070,70 Main Street,320000,Owner 70,Residential,2025-09-16T09:52:44.680606
PAR000071,71 Main Street,321000,Owner 71,Residential,2025-09-16T09:52:44.680610
PAR000072,72 Main Street,322000,Owner 72,Residential,2025-09-16T09:52:44.680614
PAR000073,73 Main Street,323000,Owner 73,Residential,2025-09-16T09:52:44.680618
PAR000074,74 Main Street,324000,Owner 74,Residential,2025-09-16T09:52:44.680622
PAR000075,75 Main Street,325000,Owner 75,Residential,2025-09-16T09:52:44.680626
PAR000076,76 Main Street,326000,Owner 76,Residential,2025-09-16T09:52:44.680636
PAR000077,77 Main Street,327000,Owner 77,Residential,2025-09-16T09:52:44.680642
PAR000078,78 Main Street,328000,Owner 78,Residential,2025-09-16T09:52:44.680646
PAR000079,79 Main Street,329000,Owner 79,Residential,2025-09-16T09:52:44.680651
PAR000080,80 Main Street,330000,Owner 80,Residential,2025-09-16T09:52:44.680661
PAR000081,81 Main Street,331000,Owner 81,Residential,2025-09-16T09:52:44.680664
PAR000082,82 Main Street,332000,Owner 82,Residential,2025-09-16T09:52:44.680674
PAR000083,83 Main Street,333000,Owner 83,Residential,2025-09-16T09:52:44.680676
PAR000084,84 Main Street,334000,Owner 84,Residential,2025-09-16T09:52:44.680678
PAR000085,85 Main Street,335000,Owner 85,Residential,2025-09-16T09:52:44.680680
PAR000086,86 Main Street,336000,Owner 86,Residential,2025-09-16T09:52:44.680683
PAR000087,87 Main Street,337000,Owner 87,Residential,2025-09-16T09:52:44.680685
PAR000088,88 Main Street,338000,Owner 88,Residential,2025-09-16T09:52:44.680687
PAR000089,89 Main Street,339000,Owner 89,Residential,2025-09-16T09:52:44.680689
PAR000090,90 Main Street,340000,Owner 90,Residential,2025-09-16T09:52:44.680692
PAR000091,91 Main Street,341000,Owner 91,Residential,2025-09-16T09:52:44.680695
PAR000092,92 Main Street,342000,Owner 92,Residential,2025-09-16T09:52:44.680699
PAR000093,93 Main Street,343000,Owner 93,Residential,2025-09-16T09:52:44.680703
PAR000094,94 Main Street,344000,Owner 94,Residential,2025-09-16T09:52:44.680707
PAR000095,95 Main Street,345000,Owner 95,Residential,2025-09-16T09:52:44.680711
PAR000096,96 Main Street,346000,Owner 96,Residential,2025-09-16T09:52:44.680714
PAR000097,97 Main Street,347000,Owner 97,Residential,2025-09-16T09:52:44.680718
PAR000098,98 Main Street,348000,Owner 98,Residential,2025-09-16T09:52:44.680726
PAR000099,99 Main Street,349000,Owner 99,Residential,2025-09-16T09:52:44.680730
PAR000100,100 Main Street,350000,Owner 100,Residential,2025-09-16T09:52:44.680734
PAR000101,101 Main Street,351000,Owner 101,Residential,2025-09-16T09:52:44.680738
PAR000102,102 Main Street,352000,Owner 102,Residential,2025-09-16T09:52:44.680745
PAR000103,103 Main Street,353000,Owner 103,Residential,2025-09-16T09:52:44.680747
PAR000104,104 Main Street,354000,Owner 104,Residential,2025-09-16T09:52:44.680749
PAR000105,105 Main Street,355000,Owner 105,Residential,2025-09-16T09:52:44.680751
PAR000106,106 Main Street,356000,Owner 106,Residential,2025-09-16T09:52:44.680754
PAR000107,107 Main Street,357000,Owner 107,Residential,2025-09-16T09:52:44.680756
PAR000108,108 Main Street,358000,Owner 108,Residential,2025-09-16T09:52:44.680758
PAR000109,109 Main Street,359000,Owner 109,Residential,2025-09-16T09:52:44.680760
PAR000110,110 Main Street,360000,Owner 110,Residential,2025-09-16T09:52:44.680762
PAR000111,111 Main Street,361000,Owner 111,Residential,2025-09-16T09:52:44.680764
PAR000112,112 Main Street,362000,Owner 112,Residential,2025-09-16T09:52:44.680766
PAR000113,113 Main Street,363000,Owner 113,Residential,2025-09-16T09:52:44.680769
PAR000114,114 Main Street,364000,Owner 114,Residential,2025-09-16T09:52:44.680776
PAR000115,115 Main Street,365000,Owner 115,Residential,2025-09-16T09:52:44.680780
PAR000116,116 Main Street,366000,Owner 116,Residential,2025-09-16T09:52:44.680788
PAR000117,117 Main Street,367000,Owner 117,Residential,2025-09-16T09:52:44.680795
PAR000118,118 Main Street,368000,Owner 118,Residential,2025-09-16T09:52:44.680798
PAR000119,119 Main Street,369000,Owner 119,Residential,2025-09-16T09:52:44.680802
PAR000120,120 Main Street,370000,Owner 120,Residential,2025-09-16T09:52:44.680805
PAR000121,121 Main Street,371000,Owner 121,Residential,2025-09-16T09:52:44.680817
PAR000122,122 Main Street,372000,Owner 122,Residential,2025-09-16T09:52:44.680821
PAR000123,123 Main Street,373000,Owner 123,Residential,2025-09-16T09:52:44.680824
PAR000124,124 Main Street,374000,Owner 124,Residential,2025-09-16T09:52:44.680828
PAR000125,125 Main Street,375000,Owner 125,Residential,2025-09-16T09:52:44.680832
PAR000126,126 Main Street,376000,Owner 126,Residential,2025-09-16T09:52:44.680835
PAR000127,127 Main Street,377000,Owner 127,Residential,2025-09-16T09:52:44.680840
PAR000128,128 Main Street,378000,Owner 128,Residential,2025-09-16T09:52:44.680843
PAR000129,129 Main Street,379000,Owner 129,Residential,2025-09-16T09:52:44.680848
PAR000130,130 Main Street,380000,Owner 130,Residential,2025-09-16T09:52:44.680928
PAR000131,131 Main Street,381000,Owner 131,Residential,2025-09-16T09:52:44.680940
PAR000132,132 Main Street,382000,Owner 132,Residential,2025-09-16T09:52:44.680944
PAR000133,133 Main Street,383000,Owner 133,Residential,2025-09-16T09:52:44.680948
PAR000134,134 Main Street,384000,Owner 134,Residential,2025-09-16T09:52:44.680951
PAR000135,135 Main Street,385000,Owner 135,Residential,2025-09-16T09:52:44.680955
PAR000136,136 Main Street,386000,Owner 136,Residential,2025-09-16T09:52:44.680959
PAR000137,137 Main Street,387000,Owner 137,Residential,2025-09-16T09:52:44.680963
PAR000138,138 Main Street,388000,Owner 138,Residential,2025-09-16T09:52:44.680966
PAR000139,139 Main Street,389000,Owner 139,Residential,2025-09-16T09:52:44.680969
PAR000140,140 Main Street,390000,Owner 140,Residential,2025-09-16T09:52:44.680973
PAR000141,141 Main Street,391000,Owner 141,Residential,2025-09-16T09:52:44.680986
PAR000142,142 Main Street,392000,Owner 142,Residential,2025-09-16T09:52:44.680989
PAR000143,143 Main Street,393000,Owner 143,Residential,2025-09-16T09:52:44.680993
PAR000144,144 Main Street,394000,Owner 144,Residential,2025-09-16T09:52:44.680997
PAR000145,145 Main Street,395000,Owner 145,Residential,2025-09-16T09:52:44.681001
PAR000146,146 Main Street,396000,Owner 146,Residential,2025-09-16T09:52:44.681017
PAR000147,147 Main Street,397000,Owner 147,Residential,2025-09-16T09:52:44.681021
PAR000148,148 Main Street,398000,Owner 148,Residential,2025-09-16T09:52:44.681025
PAR000149,149 Main Street,399000,Owner 149,Residential,2025-09-16T09:52:44.681030
PAR000150,150 Main Street,400000,Owner 150,Residential,2025-09-16T09:52:44.681032
PAR000151,151 Main Street,401000,Owner 151,Residential,2025-09-16T09:52:44.681034
PAR000152,152 Main Street,402000,Owner 152,Residential,2025-09-16T09:52:44.681037
PAR000153,153 Main Street,403000,Owner 153,Residential,2025-09-16T09:52:44.681039
PAR000154,154 Main Street,404000,Owner 154,Residential,2025-09-16T09:52:44.681043
PAR000155,155 Main Street,405000,Owner 155,Residential,2025-09-16T09:52:44.681047
PAR000156,156 Main Street,406000,Owner 156,Residential,2025-09-16T09:52:44.681051
PAR000157,157 Main Street,407000,Owner 157,Residential,2025-09-16T09:52:44.681055
PAR000158,158 Main Street,408000,Owner 158,Residential,2025-09-16T09:52:44.681059
PAR000159,159 Main Street,409000,Owner 159,Residential,2025-09-16T09:52:44.681063
PAR000160,160 Main Street,410000,Owner 160,Residential,2025-09-16T09:52:44.681074
PAR000161,161 Main Street,411000,Owner 161,Residential,2025-09-16T09:52:44.681082
PAR000162,162 Main Street,412000,Owner 162,Residential,2025-09-16T09:52:44.681095
PAR000163,163 Main Street,413000,Owner 163,Residential,2025-09-16T09:52:44.681099
PAR000164,164 Main Street,414000,Owner 164,Residential,2025-09-16T09:52:44.681104
PAR000165,165 Main Street,415000,Owner 165,Residential,2025-09-16T09:52:44.681108
PAR000166,166 Main Street,416000,Owner 166,Residential,2025-09-16T09:52:44.681112
PAR000167,167 Main Street,417000,Owner 167,Residential,2025-09-16T09:52:44.681116
PAR000168,168 Main Street,418000,Owner 168,Residential,2025-09-16T09:52:44.681119
PAR000169,169 Main Street,419000,Owner 169,Residential,2025-09-16T09:52:44.681123
PAR000170,170 Main Street,420000,Owner 170,Residential,2025-09-16T09:52:44.681127
PAR000171,171 Main Street,421000,Owner 171,Residential,2025-09-16T09:52:44.681131
PAR000172,172 Main Street,422000,Owner 172,Residential,2025-09-16T09:52:44.681204
PAR000173,173 Main Street,423000,Owner 173,Residential,2025-09-16T09:52:44.681220
PAR000174,174 Main Street,424000,Owner 174,Residential,2025-09-16T09:52:44.681229
PAR000175,175 Main Street,425000,Owner 175,Residential,2025-09-16T09:52:44.681233
PAR000176,176 Main Street,426000,Owner 176,Residential,2025-09-16T09:52:44.681237
PAR000177,177 Main Street,427000,Owner 177,Residential,2025-09-16T09:52:44.681241
PAR000178,178 Main Street,428000,Owner 178,Residential,2025-09-16T09:52:44.681255
PAR000179,179 Main Street,429000,Owner 179,Residential,2025-09-16T09:52:44.681259
PAR000180,180 Main Street,430000,Owner 180,Residential,2025-09-16T09:52:44.681269
PAR000181,181 Main Street,431000,Owner 181,Residential,2025-09-16T09:52:44.681283
PAR000182,182 Main Street,432000,Owner 182,Residential,2025-09-16T09:52:44.681292
PAR000183,183 Main Street,433000,Owner 183,Residential,2025-09-16T09:52:44.681297
PAR000184,184 Main Street,434000,Owner 184,Residential,2025-09-16T09:52:44.681302
PAR000185,185 Main Street,435000,Owner 185,Residential,2025-09-16T09:52:44.681305
PAR000186,186 Main Street,436000,Owner 186,Residential,2025-09-16T09:52:44.681309
PAR000187,187 Main Street,437000,Owner 187,Residential,2025-09-16T09:52:44.681313
PAR000188,188 Main Street,438000,Owner 188,Residential,2025-09-16T09:52:44.681317
PAR000189,189 Main Street,439000,Owner 189,Residential,2025-09-16T09:52:44.681321
PAR000190,190 Main Street,440000,Owner 190,Residential,2025-09-16T09:52:44.681325
PAR000191,191 Main Street,441000,Owner 191,Residential,2025-09-16T09:52:44.681329
PAR000192,192 Main Street,442000,Owner 192,Residential,2025-09-16T09:52:44.681333
PAR000193,193 Main Street,443000,Owner 193,Residential,2025-09-16T09:52:44.681337
PAR000194,194 Main Street,444000,Owner 194,Residential,2025-09-16T09:52:44.681355
PAR000195,195 Main Street,445000,Owner 195,Residential,2025-09-16T09:52:44.681364
PAR000196,196 Main Street,446000,Owner 196,Residential,2025-09-16T09:52:44.681368
PAR000197,197 Main Street,447000,Owner 197,Residential,2025-09-16T09:52:44.681372
PAR000198,198 Main Street,448000,Owner 198,Residential,2025-09-16T09:52:44.681375
PAR000199,199 Main Street,449000,Owner 199,Residential,2025-09-16T09:52:44.681385
PAR000200,200 Main Street,450000,Owner 200,Residential,2025-09-16T09:52:44.681389
PAR000201,201 Main Street,451000,Owner 201,Residential,2025-09-16T09:52:44.681394
PAR000202,202 Main Street,452000,Owner 202,Residential,2025-09-16T09:52:44.681403
PAR000203,203 Main Street,453000,Owner 203,Residential,2025-09-16T09:52:44.681408
PAR000204,204 Main Street,454000,Owner 204,Residential,2025-09-16T09:52:44.681412
PAR000205,205 Main Street,455000,Owner 205,Residential,2025-09-16T09:52:44.681416
PAR000206,206 Main Street,456000,Owner 206,Residential,2025-09-16T09:52:44.681419
PAR000207,207 Main Street,457000,Owner 207,Residential,2025-09-16T09:52:44.681423
PAR000208,208 Main Street,458000,Owner 208,Residential,2025-09-16T09:52:44.681427
PAR000209,209 Main Street,459000,Owner 209,Residential,2025-09-16T09:52:44.681431
PAR000210,210 Main Street,460000,Owner 210,Residential,2025-09-16T09:52:44.681440
PAR000211,211 Main Street,461000,Owner 211,Residential,2025-09-16T09:52:44.681445
PAR000212,212 Main Street,462000,Owner 212,Residential,2025-09-16T09:52:44.681449
PAR000213,213 Main Street,463000,Owner 213,Residential,2025-09-16T09:52:44.681452
PAR000214,214 Main Street,464000,Owner 214,Residential,2025-09-16T09:52:44.681463
PAR000215,215 Main Street,465000,Owner 215,Residential,2025-09-16T09:52:44.681470
PAR000216,216 Main Street,466000,Owner 216,Residential,2025-09-16T09:52:44.681474
PAR000217,217 Main Street,467000,Owner 217,Residential,2025-09-16T09:52:44.681479
PAR000218,218 Main Street,468000,Owner 218,Residential,2025-09-16T09:52:44.681483
PAR000219,219 Main Street,469000,Owner 219,Residential,2025-09-16T09:52:44.681495
PAR000220,220 Main Street,470000,Owner 220,Residential,2025-09-16T09:52:44.681499
PAR000221,221 Main Street,471000,Owner 221,Residential,2025-09-16T09:52:44.681503
PAR000222,222 Main Street,472000,Owner 222,Residential,2025-09-16T09:52:44.681507
PAR000223,223 Main Street,473000,Owner 223,Residential,2025-09-16T09:52:44.681511
PAR000224,224 Main Street,474000,Owner 224,Residential,2025-09-16T09:52:44.681515
PAR000225,225 Main Street,475000,Owner 225,Residential,2025-09-16T09:52:44.681519
PAR000226,226 Main Street,476000,Owner 226,Residential,2025-09-16T09:52:44.681529
PAR000227,227 Main Street,477000,Owner 227,Residential,2025-09-16T09:52:44.681533
PAR000228,228 Main Street,478000,Owner 228,Residential,2025-09-16T09:52:44.681537
PAR000229,229 Main Street,479000,Owner 229,Residential,2025-09-16T09:52:44.681541
PAR000230,230 Main Street,480000,Owner 230,Residential,2025-09-16T09:52:44.681545
PAR000231,231 Main Street,481000,Owner 231,Residential,2025-09-16T09:52:44.681548
PAR000232,232 Main Street,482000,Owner 232,Residential,2025-09-16T09:52:44.681558
PAR000233,233 Main Street,483000,Owner 233,Residential,2025-09-16T09:52:44.681563
PAR000234,234 Main Street,484000,Owner 234,Residential,2025-09-16T09:52:44.681567
PAR000235,235 Main Street,485000,Owner 235,Residential,2025-09-16T09:52:44.681571
PAR000236,236 Main Street,486000,Owner 236,Residential,2025-09-16T09:52:44.681574
PAR000237,237 Main Street,487000,Owner 237,Residential,2025-09-16T09:52:44.681578
PAR000238,238 Main Street,488000,Owner 238,Residential,2025-09-16T09:52:44.681587
PAR000239,239 Main Street,489000,Owner 239,Residential,2025-09-16T09:52:44.681591
PAR000240,240 Main Street,490000,Owner 240,Residential,2025-09-16T09:52:44.681594
PAR000241,241 Main Street,491000,Owner 241,Residential,2025-09-16T09:52:44.681603
PAR000242,242 Main Street,492000,Owner 242,Residential,2025-09-16T09:52:44.681607
PAR000243,243 Main Street,493000,Owner 243,Residential,2025-09-16T09:52:44.681611
PAR000244,244 Main Street,494000,Owner 244,Residential,2025-09-16T09:52:44.681614
PAR000245,245 Main Street,495000,Owner 245,Residential,2025-09-16T09:52:44.681619
PAR000246,246 Main Street,496000,Owner 246,Residential,2025-09-16T09:52:44.681622
PAR000247,247 Main Street,497000,Owner 247,Residential,2025-09-16T09:52:44.681626
PAR000248,248 Main Street,498000,Owner 248,Residential,2025-09-16T09:52:44.681631
PAR000249,249 Main Street,499000,Owner 249,Residential,2025-09-16T09:52:44.681634
PAR000250,250 Main Street,500000,Owner 250,Residential,2025-09-16T09:52:44.681638
PAR000251,251 Main Street,501000,Owner 251,Residential,2025-09-16T09:52:44.681642
PAR000252,252 Main Street,502000,Owner 252,Residential,2025-09-16T09:52:44.681646
PAR000253,253 Main Street,503000,Owner 253,Residential,2025-09-16T09:52:44.681650
PAR000254,254 Main Street,504000,Owner 254,Residential,2025-09-16T09:52:44.681654
PAR000255,255 Main Street,505000,Owner 255,Residential,2025-09-16T09:52:44.681657
PAR000256,256 Main Street,506000,Owner 256,Residential,2025-09-16T09:52:44.681661
PAR000257,257 Main Street,507000,Owner 257,Residential,2025-09-16T09:52:44.681678
PAR000258,258 Main Street,508000,Owner 258,Residential,2025-09-16T09:52:44.681784
PAR000259,259 Main Street,509000,Owner 259,Residential,2025-09-16T09:52:44.681795
PAR000260,260 Main Street,510000,Owner 260,Residential,2025-09-16T09:52:44.681807
PAR000261,261 Main Street,511000,Owner 261,Residential,2025-09-16T09:52:44.681814
PAR000262,262 Main Street,512000,Owner 262,Residential,2025-09-16T09:52:44.681819
PAR000263,263 Main Street,513000,Owner 263,Residential,2025-09-16T09:52:44.681823
PAR000264,264 Main Street,514000,Owner 264,Residential,2025-09-16T09:52:44.681825
PAR000265,265 Main Street,515000,Owner 265,Residential,2025-09-16T09:52:44.681827
PAR000266,266 Main Street,516000,Owner 266,Residential,2025-09-16T09:52:44.681830
PAR000267,267 Main Street,517000,Owner 267,Residential,2025-09-16T09:52:44.681832
PAR000268,268 Main Street,518000,Owner 268,Residential,2025-09-16T09:52:44.681834
PAR000269,269 Main Street,519000,Owner 269,Residential,2025-09-16T09:52:44.681838
PAR000270,270 Main Street,520000,Owner 270,Residential,2025-09-16T09:52:44.681843
PAR000271,271 Main Street,521000,Owner 271,Residential,2025-09-16T09:52:44.681847
PAR000272,272 Main Street,522000,Owner 272,Residential,2025-09-16T09:52:44.681851
PAR000273,273 Main Street,523000,Owner 273,Residential,2025-09-16T09:52:44.681864
PAR000274,274 Main Street,524000,Owner 274,Residential,2025-09-16T09:52:44.681868
PAR000275,275 Main Street,525000,Owner 275,Residential,2025-09-16T09:52:44.681872
PAR000276,276 Main Street,526000,Owner 276,Residential,2025-09-16T09:52:44.681876
PAR000277,277 Main Street,527000,Owner 277,Residential,2025-09-16T09:52:44.681886
PAR000278,278 Main Street,528000,Owner 278,Residential,2025-09-16T09:52:44.681893
PAR000279,279 Main Street,529000,Owner 279,Residential,2025-09-16T09:52:44.681902
PAR000280,280 Main Street,530000,Owner 280,Residential,2025-09-16T09:52:44.681906
PAR000281,281 Main Street,531000,Owner 281,Residential,2025-09-16T09:52:44.681910
PAR000282,282 Main Street,532000,Owner 282,Residential,2025-09-16T09:52:44.681914
PAR000283,283 Main Street,533000,Owner 283,Residential,2025-09-16T09:52:44.681918
PAR000284,284 Main Street,534000,Owner 284,Residential,2025-09-16T09:52:44.681928
PAR000285,285 Main Street,535000,Owner 285,Residential,2025-09-16T09:52:44.681930
PAR000286,286 Main Street,536000,Owner 286,Residential,2025-09-16T09:52:44.681933
PAR000287,287 Main Street,537000,Owner 287,Residential,2025-09-16T09:52:44.681935
PAR000288,288 Main Street,538000,Owner 288,Residential,2025-09-16T09:52:44.681937
PAR000289,289 Main Street,539000,Owner 289,Residential,2025-09-16T09:52:44.681944
PAR000290,290 Main Street,540000,Owner 290,Residential,2025-09-16T09:52:44.681947
PAR000291,291 Main Street,541000,Owner 291,Residential,2025-09-16T09:52:44.681949
PAR000292,292 Main Street,542000,Owner 292,Residential,2025-09-16T09:52:44.681951
PAR000293,293 Main Street,543000,Owner 293,Residential,2025-09-16T09:52:44.681953
PAR000294,294 Main Street,544000,Owner 294,Residential,2025-09-16T09:52:44.681955
PAR000295,295 Main Street,545000,Owner 295,Residential,2025-09-16T09:52:44.681957
PAR000296,296 Main Street,546000,Owner 296,Residential,2025-09-16T09:52:44.681960
PAR000297,297 Main Street,547000,Owner 297,Residential,2025-09-16T09:52:44.681966
PAR000298,298 Main Street,548000,Owner 298,Residential,2025-09-16T09:52:44.681968
PAR000299,299 Main Street,549000,Owner 299,Residential,2025-09-16T09:52:44.681970
PAR000300,300 Main Street,550000,Owner 300,Residential,2025-09-16T09:52:44.681973
PAR000301,301 Main Street,551000,Owner 301,Residential,2025-09-16T09:52:44.681975
PAR000302,302 Main Street,552000,Owner 302,Residential,2025-09-16T09:52:44.681977
PAR000303,303 Main Street,553000,Owner 303,Residential,2025-09-16T09:52:44.681979
PAR000304,304 Main Street,554000,Owner 304,Residential,2025-09-16T09:52:44.681981
PAR000305,305 Main Street,555000,Owner 305,Residential,2025-09-16T09:52:44.681988
PAR000306,306 Main Street,556000,Owner 306,Residential,2025-09-16T09:52:44.681990
PAR000307,307 Main Street,557000,Owner 307,Residential,2025-09-16T09:52:44.681992
PAR000308,308 Main Street,558000,Owner 308,Residential,2025-09-16T09:52:44.681994
PAR000309,309 Main Street,559000,Owner 309,Residential,2025-09-16T09:52:44.681997
PAR000310,310 Main Street,560000,Owner 310,Residential,2025-09-16T09:52:44.681999
PAR000311,311 Main Street,561000,Owner 311,Residential,2025-09-16T09:52:44.682001
PAR000312,312 Main Street,562000,Owner 312,Residential,2025-09-16T09:52:44.682004
PAR000313,313 Main Street,563000,Owner 313,Residential,2025-09-16T09:52:44.682008
PAR000314,314 Main Street,564000,Owner 314,Residential,2025-09-16T09:52:44.682012
PAR000315,315 Main Street,565000,Owner 315,Residential,2025-09-16T09:52:44.682016
PAR000316,316 Main Street,566000,Owner 316,Residential,2025-09-16T09:52:44.682034
PAR000317,317 Main Street,567000,Owner 317,Residential,2025-09-16T09:52:44.682040
PAR000318,318 Main Street,568000,Owner 318,Residential,2025-09-16T09:52:44.682044
PAR000319,319 Main Street,569000,Owner 319,Residential,2025-09-16T09:52:44.682048
PAR000320,320 Main Street,570000,Owner 320,Residential,2025-09-16T09:52:44.682051
PAR000321,321 Main Street,571000,Owner 321,Residential,2025-09-16T09:52:44.682061
PAR000322,322 Main Street,572000,Owner 322,Residential,2025-09-16T09:52:44.682065
PAR000323,323 Main Street,573000,Owner 323,Residential,2025-09-16T09:52:44.682068
PAR000324,324 Main Street,574000,Owner 324,Residential,2025-09-16T09:52:44.682072
PAR000325,325 Main Street,575000,Owner 325,Residential,2025-09-16T09:52:44.682077
PAR000326,326 Main Street,576000,Owner 326,Residential,2025-09-16T09:52:44.682083
PAR000327,327 Main Street,577000,Owner 327,Residential,2025-09-16T09:52:44.682094
PAR000328,328 Main Street,578000,Owner 328,Residential,2025-09-16T09:52:44.682099
PAR000329,329 Main Street,579000,Owner 329,Residential,2025-09-16T09:52:44.682111
PAR000330,330 Main Street,580000,Owner 330,Residential,2025-09-16T09:52:44.682114
PAR000331,331 Main Street,581000,Owner 331,Residential,2025-09-16T09:52:44.682116
PAR000332,332 Main Street,582000,Owner 332,Residential,2025-09-16T09:52:44.682118
PAR000333,333 Main Street,583000,Owner 333,Residential,2025-09-16T09:52:44.682120
PAR000334,334 Main Street,584000,Owner 334,Residential,2025-09-16T09:52:44.682127
PAR000335,335 Main Street,585000,Owner 335,Residential,2025-09-16T09:52:44.682129
PAR000336,336 Main Street,586000,Owner 336,Residential,2025-09-16T09:52:44.682136
PAR000337,337 Main Street,587000,Owner 337,Residential,2025-09-16T09:52:44.682142
PAR000338,338 Main Street,588000,Owner 338,Residential,2025-09-16T09:52:44.682144
PAR000339,339 Main Street,589000,Owner 339,Residential,2025-09-16T09:52:44.682147
PAR000340,340 Main Street,590000,Owner 340,Residential,2025-09-16T09:52:44.682264
PAR000341,341 Main Street,591000,Owner 341,Residential,2025-09-16T09:52:44.682270
PAR000342,342 Main Street,592000,Owner 342,Residential,2025-09-16T09:52:44.682274
PAR000343,343 Main Street,593000,Owner 343,Residential,2025-09-16T09:52:44.682278
PAR000344,344 Main Street,594000,Owner 344,Residential,2025-09-16T09:52:44.682282
PAR000345,345 Main Street,595000,Owner 345,Residential,2025-09-16T09:52:44.682286
PAR000346,346 Main Street,596000,Owner 346,Residential,2025-09-16T09:52:44.682290
PAR000347,347 Main Street,597000,Owner 347,Residential,2025-09-16T09:52:44.682294
PAR000348,348 Main Street,598000,Owner 348,Residential,2025-09-16T09:52:44.682298
PAR000349,349 Main Street,599000,Owner 349,Residential,2025-09-16T09:52:44.682302
PAR000350,350 Main Street,600000,Owner 350,Residential,2025-09-16T09:52:44.682305
PAR000351,351 Main Street,601000,Owner 351,Residential,2025-09-16T09:52:44.682309
PAR000352,352 Main Street,602000,Owner 352,Residential,2025-09-16T09:52:44.682312
PAR000353,353 Main Street,603000,Owner 353,Residential,2025-09-16T09:52:44.682315
PAR000354,354 Main Street,604000,Owner 354,Residential,2025-09-16T09:52:44.682317
PAR000355,355 Main Street,605000,Owner 355,Residential,2025-09-16T09:52:44.682383
PAR000356,356 Main Street,606000,Owner 356,Residential,2025-09-16T09:52:44.682396
PAR000357,357 Main Street,607000,Owner 357,Residential,2025-09-16T09:52:44.682400
PAR000358,358 Main Street,608000,Owner 358,Residential,2025-09-16T09:52:44.682405
PAR000359,359 Main Street,609000,Owner 359,Residential,2025-09-16T09:52:44.682421
PAR000360,360 Main Street,610000,Owner 360,Residential,2025-09-16T09:52:44.682423
PAR000361,361 Main Street,611000,Owner 361,Residential,2025-09-16T09:52:44.682425
PAR000362,362 Main Street,612000,Owner 362,Residential,2025-09-16T09:52:44.682427
PAR000363,363 Main Street,613000,Owner 363,Residential,2025-09-16T09:52:44.682429
PAR000364,364 Main Street,614000,Owner 364,Residential,2025-09-16T09:52:44.682432
PAR000365,365 Main Street,615000,Owner 365,Residential,2025-09-16T09:52:44.682434
PAR000366,366 Main Street,616000,Owner 366,Residential,2025-09-16T09:52:44.682436
PAR000367,367 Main Street,617000,Owner 367,Residential,2025-09-16T09:52:44.682438
PAR000368,368 Main Street,618000,Owner 368,Residential,2025-09-16T09:52:44.682440
PAR000369,369 Main Street,619000,Owner 369,Residential,2025-09-16T09:52:44.682443
PAR000370,370 Main Street,620000,Owner 370,Residential,2025-09-16T09:52:44.682445
PAR000371,371 Main Street,621000,Owner 371,Residential,2025-09-16T09:52:44.682452
PAR000372,372 Main Street,622000,Owner 372,Residential,2025-09-16T09:52:44.682454
PAR000373,373 Main Street,623000,Owner 373,Residential,2025-09-16T09:52:44.682456
PAR000374,374 Main Street,624000,Owner 374,Residential,2025-09-16T09:52:44.682458
PAR000375,375 Main Street,625000,Owner 375,Residential,2025-09-16T09:52:44.682460
PAR000376,376 Main Street,626000,Owner 376,Residential,2025-09-16T09:52:44.682462
PAR000377,377 Main Street,627000,Owner 377,Residential,2025-09-16T09:52:44.682464
PAR000378,378 Main Street,628000,Owner 378,Residential,2025-09-16T09:52:44.682467
PAR000379,379 Main Street,629000,Owner 379,Residential,2025-09-16T09:52:44.682473
PAR000380,380 Main Street,630000,Owner 380,Residential,2025-09-16T09:52:44.682475
PAR000381,381 Main Street,631000,Owner 381,Residential,2025-09-16T09:52:44.682478
PAR000382,382 Main Street,632000,Owner 382,Residential,2025-09-16T09:52:44.682480
PAR000383,383 Main Street,633000,Owner 383,Residential,2025-09-16T09:52:44.682482
PAR000384,384 Main Street,634000,Owner 384,Residential,2025-09-16T09:52:44.682484
PAR000385,385 Main Street,635000,Owner 385,Residential,2025-09-16T09:52:44.682491
PAR000386,386 Main Street,636000,Owner 386,Residential,2025-09-16T09:52:44.682493
PAR000387,387 Main Street,637000,Owner 387,Residential,2025-09-16T09:52:44.682499
PAR000388,388 Main Street,638000,Owner 388,Residential,2025-09-16T09:52:44.682501
PAR000389,389 Main Street,639000,Owner 389,Residential,2025-09-16T09:52:44.682503
PAR000390,390 Main Street,640000,Owner 390,Residential,2025-09-16T09:52:44.682506
PAR000391,391 Main Street,641000,Owner 391,Residential,2025-09-16T09:52:44.682508
PAR000392,392 Main Street,642000,Owner 392,Residential,2025-09-16T09:52:44.682510
PAR000393,393 Main Street,643000,Owner 393,Residential,2025-09-16T09:52:44.682512
PAR000394,394 Main Street,644000,Owner 394,Residential,2025-09-16T09:52:44.682514
PAR000395,395 Main Street,645000,Owner 395,Residential,2025-09-16T09:52:44.682516
PAR000396,396 Main Street,646000,Owner 396,Residential,2025-09-16T09:52:44.682519
PAR000397,397 Main Street,647000,Owner 397,Residential,2025-09-16T09:52:44.682521
PAR000398,398 Main Street,648000,Owner 398,Residential,2025-09-16T09:52:44.682527
PAR000399,399 Main Street,649000,Owner 399,Residential,2025-09-16T09:52:44.682529
PAR000400,400 Main Street,650000,Owner 400,Residential,2025-09-16T09:52:44.682531
PAR000401,401 Main Street,651000,Owner 401,Residential,2025-09-16T09:52:44.682534
PAR000402,402 Main Street,652000,Owner 402,Residential,2025-09-16T09:52:44.682536
PAR000403,403 Main Street,653000,Owner 403,Residential,2025-09-16T09:52:44.682542
PAR000404,404 Main Street,654000,Owner 404,Residential,2025-09-16T09:52:44.682545
PAR000405,405 Main Street,655000,Owner 405,Residential,2025-09-16T09:52:44.682547
PAR000406,406 Main Street,656000,Owner 406,Residential,2025-09-16T09:52:44.682549
PAR000407,407 Main Street,657000,Owner 407,Residential,2025-09-16T09:52:44.682551
PAR000408,408 Main Street,658000,Owner 408,Residential,2025-09-16T09:52:44.682553
PAR000409,409 Main Street,659000,Owner 409,Residential,2025-09-16T09:52:44.682555
PAR000410,410 Main Street,660000,Owner 410,Residential,2025-09-16T09:52:44.682559
PAR000411,411 Main Street,661000,Owner 411,Residential,2025-09-16T09:52:44.682563
PAR000412,412 Main Street,662000,Owner 412,Residential,2025-09-16T09:52:44.682567
PAR000413,413 Main Street,663000,Owner 413,Residential,2025-09-16T09:52:44.682570
PAR000414,414 Main Street,664000,Owner 414,Residential,2025-09-16T09:52:44.682574
PAR000415,415 Main Street,665000,Owner 415,Residential,2025-09-16T09:52:44.682578
PAR000416,416 Main Street,666000,Owner 416,Residential,2025-09-16T09:52:44.682582
PAR000417,417 Main Street,667000,Owner 417,Residential,2025-09-16T09:52:44.682586
PAR000418,418 Main Street,668000,Owner 418,Residential,2025-09-16T09:52:44.682596
PAR000419,419 Main Street,669000,Owner 419,Residential,2025-09-16T09:52:44.682603
PAR000420,420 Main Street,670000,Owner 420,Residential,2025-09-16T09:52:44.682606
PAR000421,421 Main Street,671000,Owner 421,Residential,2025-09-16T09:52:44.682608
PAR000422,422 Main Street,672000,Owner 422,Residential,2025-09-16T09:52:44.682610
PAR000423,423 Main Street,673000,Owner 423,Residential,2025-09-16T09:52:44.682612
PAR000424,424 Main Street,674000,Owner 424,Residential,2025-09-16T09:52:44.682615
PAR000425,425 Main Street,675000,Owner 425,Residential,2025-09-16T09:52:44.682617
PAR000426,426 Main Street,676000,Owner 426,Residential,2025-09-16T09:52:44.682619
PAR000427,427 Main Street,677000,Owner 427,Residential,2025-09-16T09:52:44.682621
PAR000428,428 Main Street,678000,Owner 428,Residential,2025-09-16T09:52:44.682623
PAR000429,429 Main Street,679000,Owner 429,Residential,2025-09-16T09:52:44.682626
PAR000430,430 Main Street,680000,Owner 430,Residential,2025-09-16T09:52:44.682630
PAR000431,431 Main Street,681000,Owner 431,Residential,2025-09-16T09:52:44.682634
PAR000432,432 Main Street,682000,Owner 432,Residential,2025-09-16T09:52:44.682637
PAR000433,433 Main Street,683000,Owner 433,Residential,2025-09-16T09:52:44.682646
PAR000434,434 Main Street,684000,Owner 434,Residential,2025-09-16T09:52:44.682652
PAR000435,435 Main Street,685000,Owner 435,Residential,2025-09-16T09:52:44.682664
PAR000436,436 Main Street,686000,Owner 436,Residential,2025-09-16T09:52:44.682674
PAR000437,437 Main Street,687000,Owner 437,Residential,2025-09-16T09:52:44.682683
PAR000438,438 Main Street,688000,Owner 438,Residential,2025-09-16T09:52:44.682687
PAR000439,439 Main Street,689000,Owner 439,Residential,2025-09-16T09:52:44.682691
PAR000440,440 Main Street,690000,Owner 440,Residential,2025-09-16T09:52:44.682695
PAR000441,441 Main Street,691000,Owner 441,Residential,2025-09-16T09:52:44.682699
PAR000442,442 Main Street,692000,Owner 442,Residential,2025-09-16T09:52:44.682703
PAR000443,443 Main Street,693000,Owner 443,Residential,2025-09-16T09:52:44.682706
PAR000444,444 Main Street,694000,Owner 444,Residential,2025-09-16T09:52:44.682710
PAR000445,445 Main Street,695000,Owner 445,Residential,2025-09-16T09:52:44.682714
PAR000446,446 Main Street,696000,Owner 446,Residential,2025-09-16T09:52:44.682718
PAR000447,447 Main Street,697000,Owner 447,Residential,2025-09-16T09:52:44.682721
PAR000448,448 Main Street,698000,Owner 448,Residential,2025-09-16T09:52:44.682725
PAR000449,449 Main Street,699000,Owner 449,Residential,2025-09-16T09:52:44.682729
PAR000450,450 Main Street,700000,Owner 450,Residential,2025-09-16T09:52:44.682733
PAR000451,451 Main Street,701000,Owner 451,Residential,2025-09-16T09:52:44.682743
PAR000452,452 Main Street,702000,Owner 452,Residential,2025-09-16T09:52:44.682747
PAR000453,453 Main Street,703000,Owner 453,Residential,2025-09-16T09:52:44.682751
PAR000454,454 Main Street,704000,Owner 454,Residential,2025-09-16T09:52:44.682755
PAR000455,455 Main Street,705000,Owner 455,Residential,2025-09-16T09:52:44.682759
PAR000456,456 Main Street,706000,Owner 456,Residential,2025-09-16T09:52:44.682763
PAR000457,457 Main Street,707000,Owner 457,Residential,2025-09-16T09:52:44.682778
PAR000458,458 Main Street,708000,Owner 458,Residential,2025-09-16T09:52:44.682782
PAR000459,459 Main Street,709000,Owner 459,Residential,2025-09-16T09:52:44.682786
PAR000460,460 Main Street,710000,Owner 460,Residential,2025-09-16T09:52:44.682790
PAR000461,461 Main Street,711000,Owner 461,Residential,2025-09-16T09:52:44.682794
PAR000462,462 Main Street,712000,Owner 462,Residential,2025-09-16T09:52:44.682798
PAR000463,463 Main Street,713000,Owner 463,Residential,2025-09-16T09:52:44.682802
PAR000464,464 Main Street,714000,Owner 464,Residential,2025-09-16T09:52:44.682807
PAR000465,465 Main Street,715000,Owner 465,Residential,2025-09-16T09:52:44.682810
PAR000466,466 Main Street,716000,Owner 466,Residential,2025-09-16T09:52:44.682814
PAR000467,467 Main Street,717000,Owner 467,Residential,2025-09-16T09:52:44.682902
PAR000468,468 Main Street,718000,Owner 468,Residential,2025-09-16T09:52:44.682911
PAR000469,469 Main Street,719000,Owner 469,Residential,2025-09-16T09:52:44.682916
PAR000470,470 Main Street,720000,Owner 470,Residential,2025-09-16T09:52:44.682920
PAR000471,471 Main Street,721000,Owner 471,Residential,2025-09-16T09:52:44.682924
PAR000472,472 Main Street,722000,Owner 472,Residential,2025-09-16T09:52:44.682928
PAR000473,473 Main Street,723000,Owner 473,Residential,2025-09-16T09:52:44.682931
PAR000474,474 Main Street,724000,Owner 474,Residential,2025-09-16T09:52:44.682935
PAR000475,475 Main Street,725000,Owner 475,Residential,2025-09-16T09:52:44.682939
PAR000476,476 Main Street,726000,Owner 476,Residential,2025-09-16T09:52:44.682951
PAR000477,477 Main Street,727000,Owner 477,Residential,2025-09-16T09:52:44.682955
PAR000478,478 Main Street,728000,Owner 478,Residential,2025-09-16T09:52:44.682958
PAR000479,479 Main Street,729000,Owner 479,Residential,2025-09-16T09:52:44.682962
PAR000480,480 Main Street,730000,Owner 480,Residential,2025-09-16T09:52:44.682966
PAR000481,481 Main Street,731000,Owner 481,Residential,2025-09-16T09:52:44.682970
PAR000482,482 Main Street,732000,Owner 482,Residential,2025-09-16T09:52:44.682974
PAR000483,483 Main Street,733000,Owner 483,Residential,2025-09-16T09:52:44.683004
PAR000484,484 Main Street,734000,Owner 484,Residential,2025-09-16T09:52:44.683009
PAR000485,485 Main Street,735000,Owner 485,Residential,2025-09-16T09:52:44.683012
PAR000486,486 Main Street,736000,Owner 486,Residential,2025-09-16T09:52:44.683016
PAR000487,487 Main Street,737000,Owner 487,Residential,2025-09-16T09:52:44.683020
PAR000488,488 Main Street,738000,Owner 488,Residential,2025-09-16T09:52:44.683030
PAR000489,489 Main Street,739000,Owner 489,Residential,2025-09-16T09:52:44.683035
PAR000490,490 Main Street,740000,Owner 490,Residential,2025-09-16T09:52:44.683039
PAR000491,491 Main Street,741000,Owner 491,Residential,2025-09-16T09:52:44.683043
PAR000492,492 Main Street,742000,Owner 492,Residential,2025-09-16T09:52:44.683047
PAR000493,493 Main Street,743000,Owner 493,Residential,2025-09-16T09:52:44.683051
PAR000494,494 Main Street,744000,Owner 494,Residential,2025-09-16T09:52:44.683055
PAR000495,495 Main Street,745000,Owner 495,Residential,2025-09-16T09:52:44.683058
PAR000496,496 Main Street,746000,Owner 496,Residential,2025-09-16T09:52:44.683067
PAR000497,497 Main Street,747000,Owner 497,Residential,2025-09-16T09:52:44.683071
PAR000498,498 Main Street,748000,Owner 498,Residential,2025-09-16T09:52:44.683080
PAR000499,499 Main Street,749000,Owner 499,Residential,2025-09-16T09:52:44.683085
PAR000500,500 Main Street,750000,Owner 500,Residential,2025-09-16T09:52:44.683088
PAR000501,501 Main Street,751000,Owner 501,Residential,2025-09-16T09:52:44.683092
PAR000502,502 Main Street,752000,Owner 502,Residential,2025-09-16T09:52:44.683096
PAR000503,503 Main Street,753000,Owner 503,Residential,2025-09-16T09:52:44.683100
PAR000504,504 Main Street,754000,Owner 504,Residential,2025-09-16T09:52:44.683104
PAR000505,505 Main Street,755000,Owner 505,Residential,2025-09-16T09:52:44.683108
PAR000506,506 Main Street,756000,Owner 506,Residential,2025-09-16T09:52:44.683112
PAR000507,507 Main Street,757000,Owner 507,Residential,2025-09-16T09:52:44.683115
PAR000508,508 Main Street,758000,Owner 508,Residential,2025-09-16T09:52:44.683119
PAR000509,509 Main Street,759000,Owner 509,Residential,2025-09-16T09:52:44.683123
PAR000510,510 Main Street,760000,Owner 510,Residential,2025-09-16T09:52:44.683127
PAR000511,511 Main Street,761000,Owner 511,Residential,2025-09-16T09:52:44.683131
PAR000512,512 Main Street,762000,Owner 512,Residential,2025-09-16T09:52:44.683135
PAR000513,513 Main Street,763000,Owner 513,Residential,2025-09-16T09:52:44.683138
PAR000514,514 Main Street,764000,Owner 514,Residential,2025-09-16T09:52:44.683148
PAR000515,515 Main Street,765000,Owner 515,Residential,2025-09-16T09:52:44.683157
PAR000516,516 Main Street,766000,Owner 516,Residential,2025-09-16T09:52:44.683161
PAR000517,517 Main Street,767000,Owner 517,Residential,2025-09-16T09:52:44.683165
PAR000518,518 Main Street,768000,Owner 518,Residential,2025-09-16T09:52:44.683169
PAR000519,519 Main Street,769000,Owner 519,Residential,2025-09-16T09:52:44.683172
PAR000520,520 Main Street,770000,Owner 520,Residential,2025-09-16T09:52:44.683176
PAR000521,521 Main Street,771000,Owner 521,Residential,2025-09-16T09:52:44.683181
PAR000522,522 Main Street,772000,Owner 522,Residential,2025-09-16T09:52:44.683185
PAR000523,523 Main Street,773000,Owner 523,Residential,2025-09-16T09:52:44.683189
PAR000524,524 Main Street,774000,Owner 524,Residential,2025-09-16T09:52:44.683193
PAR000525,525 Main Street,775000,Owner 525,Residential,2025-09-16T09:52:44.683197
PAR000526,526 Main Street,776000,Owner 526,Residential,2025-09-16T09:52:44.683201
PAR000527,527 Main Street,777000,Owner 527,Residential,2025-09-16T09:52:44.683205
PAR000528,528 Main Street,778000,Owner 528,Residential,2025-09-16T09:52:44.683209
PAR000529,529 Main Street,779000,Owner 529,Residential,2025-09-16T09:52:44.683213
PAR000530,530 Main Street,780000,Owner 530,Residential,2025-09-16T09:52:44.683221
PAR000531,531 Main Street,781000,Owner 531,Residential,2025-09-16T09:52:44.683226
PAR000532,532 Main Street,782000,Owner 532,Residential,2025-09-16T09:52:44.683230
PAR000533,533 Main Street,783000,Owner 533,Residential,2025-09-16T09:52:44.683234
PAR000534,534 Main Street,784000,Owner 534,Residential,2025-09-16T09:52:44.683238
PAR000535,535 Main Street,785000,Owner 535,Residential,2025-09-16T09:52:44.683246
PAR000536,536 Main Street,786000,Owner 536,Residential,2025-09-16T09:52:44.683250
PAR000537,537 Main Street,787000,Owner 537,Residential,2025-09-16T09:52:44.683254
PAR000538,538 Main Street,788000,Owner 538,Residential,2025-09-16T09:52:44.683263
PAR000539,539 Main Street,789000,Owner 539,Residential,2025-09-16T09:52:44.683267
PAR000540,540 Main Street,790000,Owner 540,Residential,2025-09-16T09:52:44.683271
PAR000541,541 Main Street,791000,Owner 541,Residential,2025-09-16T09:52:44.683275
PAR000542,542 Main Street,792000,Owner 542,Residential,2025-09-16T09:52:44.683278
PAR000543,543 Main Street,793000,Owner 543,Residential,2025-09-16T09:52:44.683282
PAR000544,544 Main Street,794000,Owner 544,Residential,2025-09-16T09:52:44.683286
PAR000545,545 Main Street,795000,Owner 545,Residential,2025-09-16T09:52:44.683289
PAR000546,546 Main Street,796000,Owner 546,Residential,2025-09-16T09:52:44.683298
PAR000547,547 Main Street,797000,Owner 547,Residential,2025-09-16T09:52:44.683302
PAR000548,548 Main Street,798000,Owner 548,Residential,2025-09-16T09:52:44.683306
PAR000549,549 Main Street,799000,Owner 549,Residential,2025-09-16T09:52:44.683310
PAR000550,550 Main Street,800000,Owner 550,Residential,2025-09-16T09:52:44.683314
PAR000551,551 Main Street,801000,Owner 551,Residential,2025-09-16T09:52:44.683317
PAR000552,552 Main Street,802000,Owner 552,Residential,2025-09-16T09:52:44.683321
PAR000553,553 Main Street,803000,Owner 553,Residential,2025-09-16T09:52:44.683325
PAR000554,554 Main Street,804000,Owner 554,Residential,2025-09-16T09:52:44.683333
PAR000555,555 Main Street,805000,Owner 555,Residential,2025-09-16T09:52:44.683337
PAR000556,556 Main Street,806000,Owner 556,Residential,2025-09-16T09:52:44.683341
PAR000557,557 Main Street,807000,Owner 557,Residential,2025-09-16T09:52:44.683345
PAR000558,558 Main Street,808000,Owner 558,Residential,2025-09-16T09:52:44.683348
PAR000559,559 Main Street,809000,Owner 559,Residential,2025-09-16T09:52:44.683352
PAR000560,560 Main Street,810000,Owner 560,Residential,2025-09-16T09:52:44.683356
PAR000561,561 Main Street,811000,Owner 561,Residential,2025-09-16T09:52:44.683360
PAR000562,562 Main Street,812000,Owner 562,Residential,2025-09-16T09:52:44.683368
PAR000563,563 Main Street,813000,Owner 563,Residential,2025-09-16T09:52:44.683372
PAR000564,564 Main Street,814000,Owner 564,Residential,2025-09-16T09:52:44.683376
PAR000565,565 Main Street,815000,Owner 565,Residential,2025-09-16T09:52:44.683380
PAR000566,566 Main Street,816000,Owner 566,Residential,2025-09-16T09:52:44.683383
PAR000567,567 Main Street,817000,Owner 567,Residential,2025-09-16T09:52:44.683387
PAR000568,568 Main Street,818000,Owner 568,Residential,2025-09-16T09:52:44.683391
PAR000569,569 Main Street,819000,Owner 569,Residential,2025-09-16T09:52:44.683394
PAR000570,570 Main Street,820000,Owner 570,Residential,2025-09-16T09:52:44.683398
PAR000571,571 Main Street,821000,Owner 571,Residential,2025-09-16T09:52:44.683402
PAR000572,572 Main Street,822000,Owner 572,Residential,2025-09-16T09:52:44.683405
PAR000573,573 Main Street,823000,Owner 573,Residential,2025-09-16T09:52:44.683409
PAR000574,574 Main Street,824000,Owner 574,Residential,2025-09-16T09:52:44.683418
PAR000575,575 Main Street,825000,Owner 575,Residential,2025-09-16T09:52:44.683422
PAR000576,576 Main Street,826000,Owner 576,Residential,2025-09-16T09:52:44.683425
PAR000577,577 Main Street,827000,Owner 577,Residential,2025-09-16T09:52:44.683429
PAR000578,578 Main Street,828000,Owner 578,Residential,2025-09-16T09:52:44.683444
PAR000579,579 Main Street,829000,Owner 579,Residential,2025-09-16T09:52:44.683448
PAR000580,580 Main Street,830000,Owner 580,Residential,2025-09-16T09:52:44.683452
PAR000581,581 Main Street,831000,Owner 581,Residential,2025-09-16T09:52:44.683455
PAR000582,582 Main Street,832000,Owner 582,Residential,2025-09-16T09:52:44.683459
PAR000583,583 Main Street,833000,Owner 583,Residential,2025-09-16T09:52:44.683463
PAR000584,584 Main Street,834000,Owner 584,Residential,2025-09-16T09:52:44.683466
PAR000585,585 Main Street,835000,Owner 585,Residential,2025-09-16T09:52:44.683537
PAR000586,586 Main Street,836000,Owner 586,Residential,2025-09-16T09:52:44.683549
PAR000587,587 Main Street,837000,Owner 587,Residential,2025-09-16T09:52:44.683554
PAR000588,588 Main Street,838000,Owner 588,Residential,2025-09-16T09:52:44.683558
PAR000589,589 Main Street,839000,Owner 589,Residential,2025-09-16T09:52:44.683569
PAR000590,590 Main Street,840000,Owner 590,Residential,2025-09-16T09:52:44.683574
PAR000591,591 Main Street,841000,Owner 591,Residential,2025-09-16T09:52:44.683577
PAR000592,592 Main Street,842000,Owner 592,Residential,2025-09-16T09:52:44.683581
PAR000593,593 Main Street,843000,Owner 593,Residential,2025-09-16T09:52:44.683592
PAR000594,594 Main Street,844000,Owner 594,Residential,2025-09-16T09:52:44.683600
PAR000595,595 Main Street,845000,Owner 595,Residential,2025-09-16T09:52:44.683605
PAR000596,596 Main Street,846000,Owner 596,Residential,2025-09-16T09:52:44.683608
PAR000597,597 Main Street,847000,Owner 597,Residential,2025-09-16T09:52:44.683612
PAR000598,598 Main Street,848000,Owner 598,Residential,2025-09-16T09:52:44.683616
PAR000599,599 Main Street,849000,Owner 599,Residential,2025-09-16T09:52:44.683620
PAR000600,600 Main Street,850000,Owner 600,Residential,2025-09-16T09:52:44.683624
PAR000601,601 Main Street,851000,Owner 601,Residential,2025-09-16T09:52:44.683628
PAR000602,602 Main Street,852000,Owner 602,Residential,2025-09-16T09:52:44.683632
PAR000603,603 Main Street,853000,Owner 603,Residential,2025-09-16T09:52:44.683636
PAR000604,604 Main Street,854000,Owner 604,Residential,2025-09-16T09:52:44.683640
PAR000605,605 Main Street,855000,Owner 605,Residential,2025-09-16T09:52:44.683644
PAR000606,606 Main Street,856000,Owner 606,Residential,2025-09-16T09:52:44.683647
PAR000607,607 Main Street,857000,Owner 607,Residential,2025-09-16T09:52:44.683651
PAR000608,608 Main Street,858000,Owner 608,Residential,2025-09-16T09:52:44.683656
PAR000609,609 Main Street,859000,Owner 609,Residential,2025-09-16T09:52:44.683659
PAR000610,610 Main Street,860000,Owner 610,Residential,2025-09-16T09:52:44.683669
PAR000611,611 Main Street,861000,Owner 611,Residential,2025-09-16T09:52:44.683673
PAR000612,612 Main Street,862000,Owner 612,Residential,2025-09-16T09:52:44.683677
PAR000613,613 Main Street,863000,Owner 613,Residential,2025-09-16T09:52:44.683686
PAR000614,614 Main Street,864000,Owner 614,Residential,2025-09-16T09:52:44.683690
PAR000615,615 Main Street,865000,Owner 615,Residential,2025-09-16T09:52:44.683694
PAR000616,616 Main Street,866000,Owner 616,Residential,2025-09-16T09:52:44.683698
PAR000617,617 Main Street,867000,Owner 617,Residential,2025-09-16T09:52:44.683701
PAR000618,618 Main Street,868000,Owner 618,Residential,2025-09-16T09:52:44.683705
PAR000619,619 Main Street,869000,Owner 619,Residential,2025-09-16T09:52:44.683709
PAR000620,620 Main Street,870000,Owner 620,Residential,2025-09-16T09:52:44.683713
PAR000621,621 Main Street,871000,Owner 621,Residential,2025-09-16T09:52:44.683717
PAR000622,622 Main Street,872000,Owner 622,Residential,2025-09-16T09:52:44.683721
PAR000623,623 Main Street,873000,Owner 623,Residential,2025-09-16T09:52:44.683725
PAR000624,624 Main Street,874000,Owner 624,Residential,2025-09-16T09:52:44.683729
PAR000625,625 Main Street,875000,Owner 625,Residential,2025-09-16T09:52:44.683733
PAR000626,626 Main Street,876000,Owner 626,Residential,2025-09-16T09:52:44.683775
PAR000627,627 Main Street,877000,Owner 627,Residential,2025-09-16T09:52:44.683786
PAR000628,628 Main Street,878000,Owner 628,Residential,2025-09-16T09:52:44.683791
PAR000629,629 Main Street,879000,Owner 629,Residential,2025-09-16T09:52:44.683796
PAR000630,630 Main Street,880000,Owner 630,Residential,2025-09-16T09:52:44.683801
PAR000631,631 Main Street,881000,Owner 631,Residential,2025-09-16T09:52:44.683805
PAR000632,632 Main Street,882000,Owner 632,Residential,2025-09-16T09:52:44.683818
PAR000633,633 Main Street,883000,Owner 633,Residential,2025-09-16T09:52:44.683823
PAR000634,634 Main Street,884000,Owner 634,Residential,2025-09-16T09:52:44.683827
PAR000635,635 Main Street,885000,Owner 635,Residential,2025-09-16T09:52:44.683831
PAR000636,636 Main Street,886000,Owner 636,Residential,2025-09-16T09:52:44.683835
PAR000637,637 Main Street,887000,Owner 637,Residential,2025-09-16T09:52:44.683839
PAR000638,638 Main Street,888000,Owner 638,Residential,2025-09-16T09:52:44.683843
PAR000639,639 Main Street,889000,Owner 639,Residential,2025-09-16T09:52:44.683847
PAR000640,640 Main Street,890000,Owner 640,Residential,2025-09-16T09:52:44.683857
PAR000641,641 Main Street,891000,Owner 641,Residential,2025-09-16T09:52:44.683861
PAR000642,642 Main Street,892000,Owner 642,Residential,2025-09-16T09:52:44.683870
PAR000643,643 Main Street,893000,Owner 643,Residential,2025-09-16T09:52:44.683874
PAR000644,644 Main Street,894000,Owner 644,Residential,2025-09-16T09:52:44.683878
PAR000645,645 Main Street,895000,Owner 645,Residential,2025-09-16T09:52:44.683882
PAR000646,646 Main Street,896000,Owner 646,Residential,2025-09-16T09:52:44.683886
PAR000647,647 Main Street,897000,Owner 647,Residential,2025-09-16T09:52:44.683890
PAR000648,648 Main Street,898000,Owner 648,Residential,2025-09-16T09:52:44.683894
PAR000649,649 Main Street,899000,Owner 649,Residential,2025-09-16T09:52:44.683898
PAR000650,650 Main Street,900000,Owner 650,Residential,2025-09-16T09:52:44.683902
PAR000651,651 Main Street,901000,Owner 651,Residential,2025-09-16T09:52:44.683906
PAR000652,652 Main Street,902000,Owner 652,Residential,2025-09-16T09:52:44.683915
PAR000653,653 Main Street,903000,Owner 653,Residential,2025-09-16T09:52:44.683920
PAR000654,654 Main Street,904000,Owner 654,Residential,2025-09-16T09:52:44.683923
PAR000655,655 Main Street,905000,Owner 655,Residential,2025-09-16T09:52:44.683927
PAR000656,656 Main Street,906000,Owner 656,Residential,2025-09-16T09:52:44.683931
PAR000657,657 Main Street,907000,Owner 657,Residential,2025-09-16T09:52:44.683935
PAR000658,658 Main Street,908000,Owner 658,Residential,2025-09-16T09:52:44.683943
PAR000659,659 Main Street,909000,Owner 659,Residential,2025-09-16T09:52:44.683947
PAR000660,660 Main Street,910000,Owner 660,Residential,2025-09-16T09:52:44.683951
PAR000661,661 Main Street,911000,Owner 661,Residential,2025-09-16T09:52:44.683955
PAR000662,662 Main Street,912000,Owner 662,Residential,2025-09-16T09:52:44.683959
PAR000663,663 Main Street,913000,Owner 663,Residential,2025-09-16T09:52:44.683963
PAR000664,664 Main Street,914000,Owner 664,Residential,2025-09-16T09:52:44.683967
PAR000665,665 Main Street,915000,Owner 665,Residential,2025-09-16T09:52:44.683970
PAR000666,666 Main Street,916000,Owner 666,Residential,2025-09-16T09:52:44.683974
PAR000667,667 Main Street,917000,Owner 667,Residential,2025-09-16T09:52:44.683978
PAR000668,668 Main Street,918000,Owner 668,Residential,2025-09-16T09:52:44.683982
PAR000669,669 Main Street,919000,Owner 669,Residential,2025-09-16T09:52:44.683986
PAR000670,670 Main Street,920000,Owner 670,Residential,2025-09-16T09:52:44.683989
PAR000671,671 Main Street,921000,Owner 671,Residential,2025-09-16T09:52:44.683998
PAR000672,672 Main Street,922000,Owner 672,Residential,2025-09-16T09:52:44.684003
PAR000673,673 Main Street,923000,Owner 673,Residential,2025-09-16T09:52:44.684008
PAR000674,674 Main Street,924000,Owner 674,Residential,2025-09-16T09:52:44.684017
PAR000675,675 Main Street,925000,Owner 675,Residential,2025-09-16T09:52:44.684021
PAR000676,676 Main Street,926000,Owner 676,Residential,2025-09-16T09:52:44.684025
PAR000677,677 Main Street,927000,Owner 677,Residential,2025-09-16T09:52:44.684029
PAR000678,678 Main Street,928000,Owner 678,Residential,2025-09-16T09:52:44.684033
PAR000679,679 Main Street,929000,Owner 679,Residential,2025-09-16T09:52:44.684037
PAR000680,680 Main Street,930000,Owner 680,Residential,2025-09-16T09:52:44.684041
PAR000681,681 Main Street,931000,Owner 681,Residential,2025-09-16T09:52:44.684045
PAR000682,682 Main Street,932000,Owner 682,Residential,2025-09-16T09:52:44.684049
PAR000683,683 Main Street,933000,Owner 683,Residential,2025-09-16T09:52:44.684053
PAR000684,684 Main Street,934000,Owner 684,Residential,2025-09-16T09:52:44.684057
PAR000685,685 Main Street,935000,Owner 685,Residential,2025-09-16T09:52:44.684060
PAR000686,686 Main Street,936000,Owner 686,Residential,2025-09-16T09:52:44.684064
PAR000687,687 Main Street,937000,Owner 687,Residential,2025-09-16T09:52:44.684068
PAR000688,688 Main Street,938000,Owner 688,Residential,2025-09-16T09:52:44.684072
PAR000689,689 Main Street,939000,Owner 689,Residential,2025-09-16T09:52:44.684076
PAR000690,690 Main Street,940000,Owner 690,Residential,2025-09-16T09:52:44.684092
PAR000691,691 Main Street,941000,Owner 691,Residential,2025-09-16T09:52:44.684102
PAR000692,692 Main Street,942000,Owner 692,Residential,2025-09-16T09:52:44.684178
PAR000693,693 Main Street,943000,Owner 693,Residential,2025-09-16T09:52:44.684189
PAR000694,694 Main Street,944000,Owner 694,Residential,2025-09-16T09:52:44.684193
PAR000695,695 Main Street,945000,Owner 695,Residential,2025-09-16T09:52:44.684198
PAR000696,696 Main Street,946000,Owner 696,Residential,2025-09-16T09:52:44.684202
PAR000697,697 Main Street,947000,Owner 697,Residential,2025-09-16T09:52:44.684206
PAR000698,698 Main Street,948000,Owner 698,Residential,2025-09-16T09:52:44.684210
PAR000699,699 Main Street,949000,Owner 699,Residential,2025-09-16T09:52:44.684213
PAR000700,700 Main Street,950000,Owner 700,Residential,2025-09-16T09:52:44.684217
PAR000701,701 Main Street,951000,Owner 701,Residential,2025-09-16T09:52:44.684221
PAR000702,702 Main Street,952000,Owner 702,Residential,2025-09-16T09:52:44.684225
PAR000703,703 Main Street,953000,Owner 703,Residential,2025-09-16T09:52:44.684229
PAR000704,704 Main Street,954000,Owner 704,Residential,2025-09-16T09:52:44.684233
PAR000705,705 Main Street,955000,Owner 705,Residential,2025-09-16T09:52:44.684237
PAR000706,706 Main Street,956000,Owner 706,Residential,2025-09-16T09:52:44.684249
PAR000707,707 Main Street,957000,Owner 707,Residential,2025-09-16T09:52:44.684253
PAR000708,708 Main Street,958000,Owner 708,Residential,2025-09-16T09:52:44.684257
PAR000709,709 Main Street,959000,Owner 709,Residential,2025-09-16T09:52:44.684260
PAR000710,710 Main Street,960000,Owner 710,Residential,2025-09-16T09:52:44.684276
PAR000711,711 Main Street,961000,Owner 711,Residential,2025-09-16T09:52:44.684285
PAR000712,712 Main Street,962000,Owner 712,Residential,2025-09-16T09:52:44.684289
PAR000713,713 Main Street,963000,Owner 713,Residential,2025-09-16T09:52:44.684292
PAR000714,714 Main Street,964000,Owner 714,Residential,2025-09-16T09:52:44.684296
PAR000715,715 Main Street,965000,Owner 715,Residential,2025-09-16T09:52:44.684300
PAR000716,716 Main Street,966000,Owner 716,Residential,2025-09-16T09:52:44.684303
PAR000717,717 Main Street,967000,Owner 717,Residential,2025-09-16T09:52:44.684307
PAR000718,718 Main Street,968000,Owner 718,Residential,2025-09-16T09:52:44.684310
PAR000719,719 Main Street,969000,Owner 719,Residential,2025-09-16T09:52:44.684314
PAR000720,720 Main Street,970000,Owner 720,Residential,2025-09-16T09:52:44.684318
PAR000721,721 Main Street,971000,Owner 721,Residential,2025-09-16T09:52:44.684321
PAR000722,722 Main Street,972000,Owner 722,Residential,2025-09-16T09:52:44.684330
PAR000723,723 Main Street,973000,Owner 723,Residential,2025-09-16T09:52:44.684334
PAR000724,724 Main Street,974000,Owner 724,Residential,2025-09-16T09:52:44.684337
PAR000725,725 Main Street,975000,Owner 725,Residential,2025-09-16T09:52:44.684341
PAR000726,726 Main Street,976000,Owner 726,Residential,2025-09-16T09:52:44.684345
PAR000727,727 Main Street,977000,Owner 727,Residential,2025-09-16T09:52:44.684348
PAR000728,728 Main Street,978000,Owner 728,Residential,2025-09-16T09:52:44.684352
PAR000729,729 Main Street,979000,Owner 729,Residential,2025-09-16T09:52:44.684355
PAR000730,730 Main Street,980000,Owner 730,Residential,2025-09-16T09:52:44.684365
PAR000731,731 Main Street,981000,Owner 731,Residential,2025-09-16T09:52:44.684369
PAR000732,732 Main Street,982000,Owner 732,Residential,2025-09-16T09:52:44.684373
PAR000733,733 Main Street,983000,Owner 733,Residential,2025-09-16T09:52:44.684377
PAR000734,734 Main Street,984000,Owner 734,Residential,2025-09-16T09:52:44.684380
PAR000735,735 Main Street,985000,Owner 735,Residential,2025-09-16T09:52:44.684384
PAR000736,736 Main Street,986000,Owner 736,Residential,2025-09-16T09:52:44.684388
PAR000737,737 Main Street,987000,Owner 737,Residential,2025-09-16T09:52:44.684391
PAR000738,738 Main Street,988000,Owner 738,Residential,2025-09-16T09:52:44.684400
PAR000739,739 Main Street,989000,Owner 739,Residential,2025-09-16T09:52:44.684404
PAR000740,740 Main Street,990000,Owner 740,Residential,2025-09-16T09:52:44.684408
PAR000741,741 Main Street,991000,Owner 741,Residential,2025-09-16T09:52:44.684411
PAR000742,742 Main Street,992000,Owner 742,Residential,2025-09-16T09:52:44.684420
PAR000743,743 Main Street,993000,Owner 743,Residential,2025-09-16T09:52:44.684424
PAR000744,744 Main Street,994000,Owner 744,Residential,2025-09-16T09:52:44.684427
PAR000745,745 Main Street,995000,Owner 745,Residential,2025-09-16T09:52:44.684431
PAR000746,746 Main Street,996000,Owner 746,Residential,2025-09-16T09:52:44.684435
PAR000747,747 Main Street,997000,Owner 747,Residential,2025-09-16T09:52:44.684438
PAR000748,748 Main Street,998000,Owner 748,Residential,2025-09-16T09:52:44.684442
PAR000749,749 Main Street,999000,Owner 749,Residential,2025-09-16T09:52:44.684450
PAR000750,750 Main Street,1000000,Owner 750,Residential,2025-09-16T09:52:44.684454
PAR000751,751 Main Street,1001000,Owner 751,Residential,2025-09-16T09:52:44.684458
PAR000752,752 Main Street,1002000,Owner 752,Residential,2025-09-16T09:52:44.684461
PAR000753,753 Main Street,1003000,Owner 753,Residential,2025-09-16T09:52:44.684470
PAR000754,754 Main Street,1004000,Owner 754,Residential,2025-09-16T09:52:44.684474
PAR000755,755 Main Street,1005000,Owner 755,Residential,2025-09-16T09:52:44.684477
PAR000756,756 Main Street,1006000,Owner 756,Residential,2025-09-16T09:52:44.684481
PAR000757,757 Main Street,1007000,Owner 757,Residential,2025-09-16T09:52:44.684484
PAR000758,758 Main Street,1008000,Owner 758,Residential,2025-09-16T09:52:44.684488
PAR000759,759 Main Street,1009000,Owner 759,Residential,2025-09-16T09:52:44.684492
PAR000760,760 Main Street,1010000,Owner 760,Residential,2025-09-16T09:52:44.684496
PAR000761,761 Main Street,1011000,Owner 761,Residential,2025-09-16T09:52:44.684501
PAR000762,762 Main Street,1012000,Owner 762,Residential,2025-09-16T09:52:44.684505
PAR000763,763 Main Street,1013000,Owner 763,Residential,2025-09-16T09:52:44.684509
PAR000764,764 Main Street,1014000,Owner 764,Residential,2025-09-16T09:52:44.684513
PAR000765,765 Main Street,1015000,Owner 765,Residential,2025-09-16T09:52:44.684517
PAR000766,766 Main Street,1016000,Owner 766,Residential,2025-09-16T09:52:44.684521
PAR000767,767 Main Street,1017000,Owner 767,Residential,2025-09-16T09:52:44.684525
PAR000768,768 Main Street,1018000,Owner 768,Residential,2025-09-16T09:52:44.684529
PAR000769,769 Main Street,1019000,Owner 769,Residential,2025-09-16T09:52:44.684542
PAR000770,770 Main Street,1020000,Owner 770,Residential,2025-09-16T09:52:44.684547
PAR000771,771 Main Street,1021000,Owner 771,Residential,2025-09-16T09:52:44.684550
PAR000772,772 Main Street,1022000,Owner 772,Residential,2025-09-16T09:52:44.684554
PAR000773,773 Main Street,1023000,Owner 773,Residential,2025-09-16T09:52:44.684558
PAR000774,774 Main Street,1024000,Owner 774,Residential,2025-09-16T09:52:44.684562
PAR000775,775 Main Street,1025000,Owner 775,Residential,2025-09-16T09:52:44.684566
PAR000776,776 Main Street,1026000,Owner 776,Residential,2025-09-16T09:52:44.684570
PAR000777,777 Main Street,1027000,Owner 777,Residential,2025-09-16T09:52:44.684574
PAR000778,778 Main Street,1028000,Owner 778,Residential,2025-09-16T09:52:44.684578
PAR000779,779 Main Street,1029000,Owner 779,Residential,2025-09-16T09:52:44.684582
PAR000780,780 Main Street,1030000,Owner 780,Residential,2025-09-16T09:52:44.684586
PAR000781,781 Main Street,1031000,Owner 781,Residential,2025-09-16T09:52:44.684590
PAR000782,782 Main Street,1032000,Owner 782,Residential,2025-09-16T09:52:44.684594
PAR000783,783 Main Street,1033000,Owner 783,Residential,2025-09-16T09:52:44.684598
PAR000784,784 Main Street,1034000,Owner 784,Residential,2025-09-16T09:52:44.684602
PAR000785,785 Main Street,1035000,Owner 785,Residential,2025-09-16T09:52:44.684611
PAR000786,786 Main Street,1036000,Owner 786,Residential,2025-09-16T09:52:44.684615
PAR000787,787 Main Street,1037000,Owner 787,Residential,2025-09-16T09:52:44.684619
PAR000788,788 Main Street,1038000,Owner 788,Residential,2025-09-16T09:52:44.684636
PAR000789,789 Main Street,1039000,Owner 789,Residential,2025-09-16T09:52:44.684640
PAR000790,790 Main Street,1040000,Owner 790,Residential,2025-09-16T09:52:44.684644
PAR000791,791 Main Street,1041000,Owner 791,Residential,2025-09-16T09:52:44.684648
PAR000792,792 Main Street,1042000,Owner 792,Residential,2025-09-16T09:52:44.684652
PAR000793,793 Main Street,1043000,Owner 793,Residential,2025-09-16T09:52:44.684661
PAR000794,794 Main Street,1044000,Owner 794,Residential,2025-09-16T09:52:44.684665
PAR000795,795 Main Street,1045000,Owner 795,Residential,2025-09-16T09:52:44.684669
PAR000796,796 Main Street,1046000,Owner 796,Residential,2025-09-16T09:52:44.684673
PAR000797,797 Main Street,1047000,Owner 797,Residential,2025-09-16T09:52:44.684677
PAR000798,798 Main Street,1048000,Owner 798,Residential,2025-09-16T09:52:44.684681
PAR000799,799 Main Street,1049000,Owner 799,Residential,2025-09-16T09:52:44.684685
PAR000800,800 Main Street,1050000,Owner 800,Residential,2025-09-16T09:52:44.684689
PAR000801,801 Main Street,1051000,Owner 801,Residential,2025-09-16T09:52:44.684699
PAR000802,802 Main Street,1052000,Owner 802,Residential,2025-09-16T09:52:44.684703
PAR000803,803 Main Street,1053000,Owner 803,Residential,2025-09-16T09:52:44.684707
PAR000804,804 Main Street,1054000,Owner 804,Residential,2025-09-16T09:52:44.684711
PAR000805,805 Main Street,1055000,Owner 805,Residential,2025-09-16T09:52:44.684715
PAR000806,806 Main Street,1056000,Owner 806,Residential,2025-09-16T09:52:44.684719
PAR000807,807 Main Street,1057000,Owner 807,Residential,2025-09-16T09:52:44.684723
PAR000808,808 Main Street,1058000,Owner 808,Residential,2025-09-16T09:52:44.684801
PAR000809,809 Main Street,1059000,Owner 809,Residential,2025-09-16T09:52:44.684810
PAR000810,810 Main Street,1060000,Owner 810,Residential,2025-09-16T09:52:44.684815
PAR000811,811 Main Street,1061000,Owner 811,Residential,2025-09-16T09:52:44.684819
PAR000812,812 Main Street,1062000,Owner 812,Residential,2025-09-16T09:52:44.684823
PAR000813,813 Main Street,1063000,Owner 813,Residential,2025-09-16T09:52:44.684827
PAR000814,814 Main Street,1064000,Owner 814,Residential,2025-09-16T09:52:44.684831
PAR000815,815 Main Street,1065000,Owner 815,Residential,2025-09-16T09:52:44.684835
PAR000816,816 Main Street,1066000,Owner 816,Residential,2025-09-16T09:52:44.684840
PAR000817,817 Main Street,1067000,Owner 817,Residential,2025-09-16T09:52:44.684853
PAR000818,818 Main Street,1068000,Owner 818,Residential,2025-09-16T09:52:44.684857
PAR000819,819 Main Street,1069000,Owner 819,Residential,2025-09-16T09:52:44.684861
PAR000820,820 Main Street,1070000,Owner 820,Residential,2025-09-16T09:52:44.684865
PAR000821,821 Main Street,1071000,Owner 821,Residential,2025-09-16T09:52:44.684869
PAR000822,822 Main Street,1072000,Owner 822,Residential,2025-09-16T09:52:44.684873
PAR000823,823 Main Street,1073000,Owner 823,Residential,2025-09-16T09:52:44.684877
PAR000824,824 Main Street,1074000,Owner 824,Residential,2025-09-16T09:52:44.684881
PAR000825,825 Main Street,1075000,Owner 825,Residential,2025-09-16T09:52:44.684885
PAR000826,826 Main Street,1076000,Owner 826,Residential,2025-09-16T09:52:44.684889
PAR000827,827 Main Street,1077000,Owner 827,Residential,2025-09-16T09:52:44.684899
PAR000828,828 Main Street,1078000,Owner 828,Residential,2025-09-16T09:52:44.684903
PAR000829,829 Main Street,1079000,Owner 829,Residential,2025-09-16T09:52:44.684907
PAR000830,830 Main Street,1080000,Owner 830,Residential,2025-09-16T09:52:44.684911
PAR000831,831 Main Street,1081000,Owner 831,Residential,2025-09-16T09:52:44.684915
PAR000832,832 Main Street,1082000,Owner 832,Residential,2025-09-16T09:52:44.684918
PAR000833,833 Main Street,1083000,Owner 833,Residential,2025-09-16T09:52:44.684928
PAR000834,834 Main Street,1084000,Owner 834,Residential,2025-09-16T09:52:44.684932
PAR000835,835 Main Street,1085000,Owner 835,Residential,2025-09-16T09:52:44.684936
PAR000836,836 Main Street,1086000,Owner 836,Residential,2025-09-16T09:52:44.684940
PAR000837,837 Main Street,1087000,Owner 837,Residential,2025-09-16T09:52:44.684944
PAR000838,838 Main Street,1088000,Owner 838,Residential,2025-09-16T09:52:44.684947
PAR000839,839 Main Street,1089000,Owner 839,Residential,2025-09-16T09:52:44.684956
PAR000840,840 Main Street,1090000,Owner 840,Residential,2025-09-16T09:52:44.684961
PAR000841,841 Main Street,1091000,Owner 841,Residential,2025-09-16T09:52:44.684965
PAR000842,842 Main Street,1092000,Owner 842,Residential,2025-09-16T09:52:44.684968
PAR000843,843 Main Street,1093000,Owner 843,Residential,2025-09-16T09:52:44.684972
PAR000844,844 Main Street,1094000,Owner 844,Residential,2025-09-16T09:52:44.684982
PAR000845,845 Main Street,1095000,Owner 845,Residential,2025-09-16T09:52:44.684986
PAR000846,846 Main Street,1096000,Owner 846,Residential,2025-09-16T09:52:44.684989
PAR000847,847 Main Street,1097000,Owner 847,Residential,2025-09-16T09:52:44.684999
PAR000848,848 Main Street,1098000,Owner 848,Residential,2025-09-16T09:52:44.685003
PAR000849,849 Main Street,1099000,Owner 849,Residential,2025-09-16T09:52:44.685012
PAR000850,850 Main Street,1100000,Owner 850,Residential,2025-09-16T09:52:44.685016
PAR000851,851 Main Street,1101000,Owner 851,Residential,2025-09-16T09:52:44.685020
PAR000852,852 Main Street,1102000,Owner 852,Residential,2025-09-16T09:52:44.685024
PAR000853,853 Main Street,1103000,Owner 853,Residential,2025-09-16T09:52:44.685027
PAR000854,854 Main Street,1104000,Owner 854,Residential,2025-09-16T09:52:44.685031
PAR000855,855 Main Street,1105000,Owner 855,Residential,2025-09-16T09:52:44.685035
PAR000856,856 Main Street,1106000,Owner 856,Residential,2025-09-16T09:52:44.685039
PAR000857,857 Main Street,1107000,Owner 857,Residential,2025-09-16T09:52:44.685042
PAR000858,858 Main Street,1108000,Owner 858,Residential,2025-09-16T09:52:44.685046
PAR000859,859 Main Street,1109000,Owner 859,Residential,2025-09-16T09:52:44.685050
PAR000860,860 Main Street,1110000,Owner 860,Residential,2025-09-16T09:52:44.685054
PAR000861,861 Main Street,1111000,Owner 861,Residential,2025-09-16T09:52:44.685059
PAR000862,862 Main Street,1112000,Owner 862,Residential,2025-09-16T09:52:44.685063
PAR000863,863 Main Street,1113000,Owner 863,Residential,2025-09-16T09:52:44.685067
PAR000864,864 Main Street,1114000,Owner 864,Residential,2025-09-16T09:52:44.685070
PAR000865,865 Main Street,1115000,Owner 865,Residential,2025-09-16T09:52:44.685080
PAR000866,866 Main Street,1116000,Owner 866,Residential,2025-09-16T09:52:44.685089
PAR000867,867 Main Street,1117000,Owner 867,Residential,2025-09-16T09:52:44.685093
PAR000868,868 Main Street,1118000,Owner 868,Residential,2025-09-16T09:52:44.685097
PAR000869,869 Main Street,1119000,Owner 869,Residential,2025-09-16T09:52:44.685101
PAR000870,870 Main Street,1120000,Owner 870,Residential,2025-09-16T09:52:44.685104
PAR000871,871 Main Street,1121000,Owner 871,Residential,2025-09-16T09:52:44.685108
PAR000872,872 Main Street,1122000,Owner 872,Residential,2025-09-16T09:52:44.685112
PAR000873,873 Main Street,1123000,Owner 873,Residential,2025-09-16T09:52:44.685116
PAR000874,874 Main Street,1124000,Owner 874,Residential,2025-09-16T09:52:44.685120
PAR000875,875 Main Street,1125000,Owner 875,Residential,2025-09-16T09:52:44.685124
PAR000876,876 Main Street,1126000,Owner 876,Residential,2025-09-16T09:52:44.685128
PAR000877,877 Main Street,1127000,Owner 877,Residential,2025-09-16T09:52:44.685132
PAR000878,878 Main Street,1128000,Owner 878,Residential,2025-09-16T09:52:44.685148
PAR000879,879 Main Street,1129000,Owner 879,Residential,2025-09-16T09:52:44.685152
PAR000880,880 Main Street,1130000,Owner 880,Residential,2025-09-16T09:52:44.685156
PAR000881,881 Main Street,1131000,Owner 881,Residential,2025-09-16T09:52:44.685182
PAR000882,882 Main Street,1132000,Owner 882,Residential,2025-09-16T09:52:44.685186
PAR000883,883 Main Street,1133000,Owner 883,Residential,2025-09-16T09:52:44.685190
PAR000884,884 Main Street,1134000,Owner 884,Residential,2025-09-16T09:52:44.685194
PAR000885,885 Main Street,1135000,Owner 885,Residential,2025-09-16T09:52:44.685197
PAR000886,886 Main Street,1136000,Owner 886,Residential,2025-09-16T09:52:44.685206
PAR000887,887 Main Street,1137000,Owner 887,Residential,2025-09-16T09:52:44.685210
PAR000888,888 Main Street,1138000,Owner 888,Residential,2025-09-16T09:52:44.685213
PAR000889,889 Main Street,1139000,Owner 889,Residential,2025-09-16T09:52:44.685217
PAR000890,890 Main Street,1140000,Owner 890,Residential,2025-09-16T09:52:44.685221
PAR000891,891 Main Street,1141000,Owner 891,Residential,2025-09-16T09:52:44.685225
PAR000892,892 Main Street,1142000,Owner 892,Residential,2025-09-16T09:52:44.685228
PAR000893,893 Main Street,1143000,Owner 893,Residential,2025-09-16T09:52:44.685232
PAR000894,894 Main Street,1144000,Owner 894,Residential,2025-09-16T09:52:44.685235
PAR000895,895 Main Street,1145000,Owner 895,Residential,2025-09-16T09:52:44.685239
PAR000896,896 Main Street,1146000,Owner 896,Residential,2025-09-16T09:52:44.685255
PAR000897,897 Main Street,1147000,Owner 897,Residential,2025-09-16T09:52:44.685263
PAR000898,898 Main Street,1148000,Owner 898,Residential,2025-09-16T09:52:44.685267
PAR000899,899 Main Street,1149000,Owner 899,Residential,2025-09-16T09:52:44.685271
PAR000900,900 Main Street,1150000,Owner 900,Residential,2025-09-16T09:52:44.685275
PAR000901,901 Main Street,1151000,Owner 901,Residential,2025-09-16T09:52:44.685278
PAR000902,902 Main Street,1152000,Owner 902,Residential,2025-09-16T09:52:44.685282
PAR000903,903 Main Street,1153000,Owner 903,Residential,2025-09-16T09:52:44.685286
PAR000904,904 Main Street,1154000,Owner 904,Residential,2025-09-16T09:52:44.685289
PAR000905,905 Main Street,1155000,Owner 905,Residential,2025-09-16T09:52:44.685298
PAR000906,906 Main Street,1156000,Owner 906,Residential,2025-09-16T09:52:44.685301
PAR000907,907 Main Street,1157000,Owner 907,Residential,2025-09-16T09:52:44.685305
PAR000908,908 Main Street,1158000,Owner 908,Residential,2025-09-16T09:52:44.685309
PAR000909,909 Main Street,1159000,Owner 909,Residential,2025-09-16T09:52:44.685312
PAR000910,910 Main Street,1160000,Owner 910,Residential,2025-09-16T09:52:44.685316
PAR000911,911 Main Street,1161000,Owner 911,Residential,2025-09-16T09:52:44.685320
PAR000912,912 Main Street,1162000,Owner 912,Residential,2025-09-16T09:52:44.685323
PAR000913,913 Main Street,1163000,Owner 913,Residential,2025-09-16T09:52:44.685332
PAR000914,914 Main Street,1164000,Owner 914,Residential,2025-09-16T09:52:44.685336
PAR000915,915 Main Street,1165000,Owner 915,Residential,2025-09-16T09:52:44.685340
PAR000916,916 Main Street,1166000,Owner 916,Residential,2025-09-16T09:52:44.685343
PAR000917,917 Main Street,1167000,Owner 917,Residential,2025-09-16T09:52:44.685347
PAR000918,918 Main Street,1168000,Owner 918,Residential,2025-09-16T09:52:44.685350
PAR000919,919 Main Street,1169000,Owner 919,Residential,2025-09-16T09:52:44.685354
PAR000920,920 Main Street,1170000,Owner 920,Residential,2025-09-16T09:52:44.685358
PAR000921,921 Main Street,1171000,Owner 921,Residential,2025-09-16T09:52:44.685361
PAR000922,922 Main Street,1172000,Owner 922,Residential,2025-09-16T09:52:44.685365
PAR000923,923 Main Street,1173000,Owner 923,Residential,2025-09-16T09:52:44.685369
PAR000924,924 Main Street,1174000,Owner 924,Residential,2025-09-16T09:52:44.685372
PAR000925,925 Main Street,1175000,Owner 925,Residential,2025-09-16T09:52:44.685515
PAR000926,926 Main Street,1176000,Owner 926,Residential,2025-09-16T09:52:44.685534
PAR000927,927 Main Street,1177000,Owner 927,Residential,2025-09-16T09:52:44.685538
PAR000928,928 Main Street,1178000,Owner 928,Residential,2025-09-16T09:52:44.685540
PAR000929,929 Main Street,1179000,Owner 929,Residential,2025-09-16T09:52:44.685553
PAR000930,930 Main Street,1180000,Owner 930,Residential,2025-09-16T09:52:44.685555
PAR000931,931 Main Street,1181000,Owner 931,Residential,2025-09-16T09:52:44.685558
PAR000932,932 Main Street,1182000,Owner 932,Residential,2025-09-16T09:52:44.685560
PAR000933,933 Main Street,1183000,Owner 933,Residential,2025-09-16T09:52:44.685562
PAR000934,934 Main Street,1184000,Owner 934,Residential,2025-09-16T09:52:44.685565
PAR000935,935 Main Street,1185000,Owner 935,Residential,2025-09-16T09:52:44.685567
PAR000936,936 Main Street,1186000,Owner 936,Residential,2025-09-16T09:52:44.685569
PAR000937,937 Main Street,1187000,Owner 937,Residential,2025-09-16T09:52:44.685571
PAR000938,938 Main Street,1188000,Owner 938,Residential,2025-09-16T09:52:44.685574
PAR000939,939 Main Street,1189000,Owner 939,Residential,2025-09-16T09:52:44.685576
PAR000940,940 Main Street,1190000,Owner 940,Residential,2025-09-16T09:52:44.685578
PAR000941,941 Main Street,1191000,Owner 941,Residential,2025-09-16T09:52:44.685580
PAR000942,942 Main Street,1192000,Owner 942,Residential,2025-09-16T09:52:44.685583
PAR000943,943 Main Street,1193000,Owner 943,Residential,2025-09-16T09:52:44.685585
PAR000944,944 Main Street,1194000,Owner 944,Residential,2025-09-16T09:52:44.685592
PAR000945,945 Main Street,1195000,Owner 945,Residential,2025-09-16T09:52:44.685598
PAR000946,946 Main Street,1196000,Owner 946,Residential,2025-09-16T09:52:44.685604
PAR000947,947 Main Street,1197000,Owner 947,Residential,2025-09-16T09:52:44.685607
PAR000948,948 Main Street,1198000,Owner 948,Residential,2025-09-16T09:52:44.685609
PAR000949,949 Main Street,1199000,Owner 949,Residential,2025-09-16T09:52:44.685611
PAR000950,950 Main Street,1200000,Owner 950,Residential,2025-09-16T09:52:44.685613
PAR000951,951 Main Street,1201000,Owner 951,Residential,2025-09-16T09:52:44.685616
PAR000952,952 Main Street,1202000,Owner 952,Residential,2025-09-16T09:52:44.685620
PAR000953,953 Main Street,1203000,Owner 953,Residential,2025-09-16T09:52:44.685624
PAR000954,954 Main Street,1204000,Owner 954,Residential,2025-09-16T09:52:44.685628
PAR000955,955 Main Street,1205000,Owner 955,Residential,2025-09-16T09:52:44.685632
PAR000956,956 Main Street,1206000,Owner 956,Residential,2025-09-16T09:52:44.685636
PAR000957,957 Main Street,1207000,Owner 957,Residential,2025-09-16T09:52:44.685640
PAR000958,958 Main Street,1208000,Owner 958,Residential,2025-09-16T09:52:44.685644
PAR000959,959 Main Street,1209000,Owner 959,Residential,2025-09-16T09:52:44.685648
PAR000960,960 Main Street,1210000,Owner 960,Residential,2025-09-16T09:52:44.685652
PAR000961,961 Main Street,1211000,Owner 961,Residential,2025-09-16T09:52:44.685662
PAR000962,962 Main Street,1212000,Owner 962,Residential,2025-09-16T09:52:44.685666
PAR000963,963 Main Street,1213000,Owner 963,Residential,2025-09-16T09:52:44.685670
PAR000964,964 Main Street,1214000,Owner 964,Residential,2025-09-16T09:52:44.685680
PAR000965,965 Main Street,1215000,Owner 965,Residential,2025-09-16T09:52:44.685684
PAR000966,966 Main Street,1216000,Owner 966,Residential,2025-09-16T09:52:44.685688
PAR000967,967 Main Street,1217000,Owner 967,Residential,2025-09-16T09:52:44.685697
PAR000968,968 Main Street,1218000,Owner 968,Residential,2025-09-16T09:52:44.685702
PAR000969,969 Main Street,1219000,Owner 969,Residential,2025-09-16T09:52:44.685706
PAR000970,970 Main Street,1220000,Owner 970,Residential,2025-09-16T09:52:44.685710
PAR000971,971 Main Street,1221000,Owner 971,Residential,2025-09-16T09:52:44.685714
PAR000972,972 Main Street,1222000,Owner 972,Residential,2025-09-16T09:52:44.685718
PAR000973,973 Main Street,1223000,Owner 973,Residential,2025-09-16T09:52:44.685726
PAR000974,974 Main Street,1224000,Owner 974,Residential,2025-09-16T09:52:44.685730
PAR000975,975 Main Street,1225000,Owner 975,Residential,2025-09-16T09:52:44.685734
PAR000976,976 Main Street,1226000,Owner 976,Residential,2025-09-16T09:52:44.685738
PAR000977,977 Main Street,1227000,Owner 977,Residential,2025-09-16T09:52:44.685748
PAR000978,978 Main Street,1228000,Owner 978,Residential,2025-09-16T09:52:44.685752
PAR000979,979 Main Street,1229000,Owner 979,Residential,2025-09-16T09:52:44.685755
PAR000980,980 Main Street,1230000,Owner 980,Residential,2025-09-16T09:52:44.685759
PAR000981,981 Main Street,1231000,Owner 981,Residential,2025-09-16T09:52:44.685763
PAR000982,982 Main Street,1232000,Owner 982,Residential,2025-09-16T09:52:44.685767
PAR000983,983 Main Street,1233000,Owner 983,Residential,2025-09-16T09:52:44.685776
PAR000984,984 Main Street,1234000,Owner 984,Residential,2025-09-16T09:52:44.685781
PAR000985,985 Main Street,1235000,Owner 985,Residential,2025-09-16T09:52:44.685785
PAR000986,986 Main Street,1236000,Owner 986,Residential,2025-09-16T09:52:44.685788
PAR000987,987 Main Street,1237000,Owner 987,Residential,2025-09-16T09:52:44.685792
PAR000988,988 Main Street,1238000,Owner 988,Residential,2025-09-16T09:52:44.685796
PAR000989,989 Main Street,1239000,Owner 989,Residential,2025-09-16T09:52:44.685800
PAR000990,990 Main Street,1240000,Owner 990,Residential,2025-09-16T09:52:44.685804
PAR000991,991 Main Street,1241000,Owner 991,Residential,2025-09-16T09:52:44.685808
PAR000992,992 Main Street,1242000,Owner 992,Residential,2025-09-16T09:52:44.685811
PAR000993,993 Main Street,1243000,Owner 993,Residential,2025-09-16T09:52:44.685821
PAR000994,994 Main Street,1244000,Owner 994,Residential,2025-09-16T09:52:44.685824
PAR000995,995 Main Street,1245000,Owner 995,Residential,2025-09-16T09:52:44.685828
PAR000996,996 Main Street,1246000,Owner 996,Residential,2025-09-16T09:52:44.685832
PAR000997,997 Main Street,1247000,Owner 997,Residential,2025-09-16T09:52:44.685848
PAR000998,998 Main Street,1248000,Owner 998,Residential,2025-09-16T09:52:44.685852
PAR000999,999 Main Street,1249000,Owner 999,Residential,2025-09-16T09:52:44.685856
