Feature/Page/API,In Original System,In New System,Status,Notes/Actions,Priority,Assigned To,Target Date
"User Authentication",✅,✅,Complete,"OAuth2 implementation with JWT tokens",High,Completed,2024-01-15
"Login Page",✅,✅,Complete,"",High,Completed,2024-01-15
"Password Reset",✅,✅,Complete,"Email integration working",High,Completed,2024-01-20
"User Profile Management",✅,✅,Complete,"",Medium,Completed,2024-01-25
"Role-Based Access Control",✅,✅,Complete,"Admin/Assessor/Auditor roles",High,Completed,2024-01-30
"Dashboard",✅,✅,Complete,"Metrics and charts implemented",High,Completed,2024-02-05
"Cost Wizard Page",✅,✅,Complete,"Basic cost calculation flow",High,Completed,2024-02-10
"AI Cost Wizard Page",✅,❌,Missing,"Needs AI engine integration",Critical,John D,2024-03-01
"Project Management",✅,✅,In Progress,"CRUD operations complete testing needed",High,Sarah M,2024-02-20
"Cost Estimation API",✅,✅,Complete,"REST endpoints operational",High,Completed,2024-02-15
"AI Cost Prediction API",✅,❌,Missing,"Implement ML model integration",Critical,AI Team,2024-03-05
"Report Generation",✅,⚠️,Partial,"PDF export working Excel pending",High,Mike R,2024-02-25
"Batch Processing",✅,❌,Missing,"Need to implement queue system",Medium,Dev Team,2024-03-10
"Data Import/Export",✅,⚠️,Partial,"CSV import done JSON/XML pending",Medium,Lisa K,2024-02-28
"Audit Trail",✅,✅,Complete,"All actions logged to database",High,Completed,2024-02-12
"Search Functionality",✅,⚠️,In Progress,"Basic search done advanced filters WIP",Medium,Tom S,2024-02-22
"Email Notifications",✅,❌,Missing,"SMTP integration required",Low,Pending,2024-03-15
"Real-time Updates",❌,✅,New Feature,"WebSocket implementation",Low,Completed,2024-02-18
"API Rate Limiting",❌,✅,New Feature,"Redis-based rate limiting",Medium,Completed,2024-02-08
"Two-Factor Authentication",❌,⚠️,In Progress,"TOTP implementation",Medium,Security Team,2024-02-28
"Archived Projects View",✅,❌,Missing,"Need to add archive functionality",Low,Pending,2024-03-20
"Bulk Operations",✅,❌,Missing,"Bulk edit/delete for projects",Low,Pending,2024-03-25
"Custom Fields",✅,❌,Missing,"Dynamic field creation for projects",Medium,Pending,2024-03-30
"Integration APIs",✅,⚠️,Partial,"Webhook system implemented REST API pending",Medium,API Team,2024-03-05
"Mobile Responsive Design",⚠️,✅,Improved,"Full mobile support added",Medium,Completed,2024-02-14
"Accessibility Features",❌,✅,New Feature,"WCAG 2.1 compliance",Medium,Completed,2024-02-16
"Performance Monitoring",❌,✅,New Feature,"APM integration",Low,Completed,2024-02-10
"Database Migrations",N/A,✅,New Feature,"Alembic migration system",High,Completed,2024-01-10
"API Documentation",⚠️,✅,Improved,"OpenAPI/Swagger docs",Medium,Completed,2024-02-01
"Unit Test Coverage",⚠️,✅,Improved,"85% coverage achieved",High,Completed,2024-02-20